Weapon type,Skin,Quality,Collection,Factory New,Minimal Wear,Field-Tested,Well-Worn,Battle-Scarred,Year
R8 Revolver,Inlay,Consumer Grade,Anubis Collection,$0.10 USD,$0.05 USD,$0.03 USD,$0.04 USD,$0.03 USD,2023.0
M249,Submerged,Consumer Grade,Anubis Collection,,,,,,2023.0
XM1014,Hieroglyph,Consumer Grade,Anubis Collection,$0.16 USD,$0.05 USD,$0.03 USD,$0.03 USD,$0.03 USD,2023.0
MP7,Sunbaked,Consumer Grade,Anubis Collection,,,,,,2023.0
AUG,Snake Pit,Consumer Grade,Anubis Collection,,,,,,2023.0
M4A1-S,Mud-Spec,Industrial Grade,Anubis Collection,,,,,,2023.0
SSG 08,Azure Glyph,Industrial Grade,Anubis Collection,,,,,,2023.0
USP-S,Desert Tactical,Industrial Grade,Anubis Collection,,,,,,2023.0
MAC-10,Echoing Sands,Industrial Grade,Anubis Collection,,,,,,2023.0
Tec-9,Mummy's Rot,Mil-Spec,Anubis Collection,,,,,,2023.0
AK-47,Steel Delta,Mil-Spec,Anubis Collection,,,,,,2023.0
AWP,Black Nile,Mil-Spec,Anubis Collection,,,,,,2023.0
MAG-7,Copper Coated,Mil-Spec,Anubis Collection,,,,,,2023.0
Glock-18,Ramese's Reach,Restricted,Anubis Collection,,,,,,2023.0
Nova,Sobek's Bite,Restricted,Anubis Collection,,,,,,2023.0
P90,ScaraB Rush,Restricted,Anubis Collection,,,,,,2023.0
FAMAS,Waters of Nephthys,Classified,Anubis Collection,,,,,,2023.0
P250,Apep's Curse,Classified,Anubis Collection,,,,,,2023.0
M4A4,Eye of Horus,Covert,Anubis Collection,,,,,,2023.0
Nova,Army Sheen,Consumer Grade,Ancient Collection,,,,,,2020.0
SG 553,Lush Ruins,Consumer Grade,Ancient Collection,,,,,,2020.0
P90,Ancient Earth,Consumer Grade,Ancient Collection,,,,,,2020.0
SSG 08,Jungle Dashed,Consumer Grade,Ancient Collection,,,,,,2020.0
R8 Revolver,Night,Consumer Grade,Ancient Collection,,,,,,2020.0
MP7,Tall Grass,Industrial Grade,Ancient Collection,,,,,,2020.0
P2000,Panther Camo,Industrial Grade,Ancient Collection,,,,,,2020.0
G3SG1,Ancient Ritual,Industrial Grade,Ancient Collection,,,,,,2020.0
CZ75-Auto,Silver,Industrial Grade,Ancient Collection,,,,,,2020.0
FAMAS,Dark Water,Mil-Spec,Ancient Collection,,,,,,2020.0
Galil AR,Dusk Ruins,Mil-Spec,Ancient Collection,,,,,,2020.0
AUG,Carved Jade,Mil-Spec,Ancient Collection,,,,,,2020.0
Tec-9,Blast From the Past,Mil-Spec,Ancient Collection,,,,,,2020.0
XM1014,Ancient Lore,Restricted,Ancient Collection,,,,,,2020.0
MAC-10,Gold Brick,Restricted,Ancient Collection,,,,,,2020.0
USP-S,Ancient Visions,Restricted,Ancient Collection,,,,,,2020.0
P90,Run and Hide,Classified,Ancient Collection,,,,,,2020.0
AK-47,Panthera onca,Classified,Ancient Collection,,,,,,2020.0
M4A1-S,Welcome to the Jungle,Covert,Ancient Collection,,,,,,2020.0
SG 553,Tornado,Consumer Grade,Assault Collection,,,,,,2013.0
UMP-45,Caramel,Consumer Grade,Assault Collection,,,,,,2013.0
Five-SeveN,Candy Apple*,Industrial Grade,Assault Collection,,,,,,2013.0
AUG,Hot Rod,Mil-Spec,Assault Collection,,,,,,2013.0
Negev,Anodized Navy,Mil-Spec,Assault Collection,,,,,,2013.0
MP9,Bulldozer,Restricted,Assault Collection,,,,,,2013.0
Glock-18,Fade,Restricted,Assault Collection,,,,,,2013.0
Nova,Forest Leaves,Consumer Grade,Aztec Collection,,,,,,2013.0
Five-SeveN,Jungle,Consumer Grade,Aztec Collection,,,,,,2013.0
SSG 08,Lichen Dashed,Consumer Grade,Aztec Collection,,,,,,2013.0
AK-47,Jungle Spray,Industrial Grade,Aztec Collection,,,,,,2013.0
M4A4,Jungle Tiger,Industrial Grade,Aztec Collection,,,,,,2013.0
Tec-9,Ossified,Mil-Spec,Aztec Collection,,,,,,2013.0
G3SG1,Contractor,Consumer Grade,Baggage Collection,,,,,,2014.0
MP7,Olive Plaid,Consumer Grade,Baggage Collection,,,,,,2014.0
CZ75-Auto,Green Plaid,Consumer Grade,Baggage Collection,,,,,,2014.0
MP9,Green Plaid,Consumer Grade,Baggage Collection,,,,,,2014.0
SSG 08,Sand Dune,Consumer Grade,Baggage Collection,,,,,,2014.0
SG 553,Traveler,Industrial Grade,Baggage Collection,,,,,,2014.0
P90,Leather,Industrial Grade,Baggage Collection,,,,,,2014.0
MAC-10,Commuter,Industrial Grade,Baggage Collection,,,,,,2014.0
P2000,Coach Class,Industrial Grade,Baggage Collection,,,,,,2014.0
Sawed-Off,First Class,Mil-Spec,Baggage Collection,,,,,,2014.0
USP-S,Business Class,Mil-Spec,Baggage Collection,,,,,,2014.0
XM1014,Red Leather,Mil-Spec,Baggage Collection,,,,,,2014.0
AK-47,First Class,Restricted,Baggage Collection,,,,,,2014.0
Desert Eagle,Pilot,Restricted,Baggage Collection,,,,,,2014.0
AK-47,Jet Set,Classified,Baggage Collection,,,,,,2014.0
Tec-9,Urban DDPAT,Consumer Grade,Bank Collection,,,,,,2014.0
SG 553,Army Sheen,Consumer Grade,Bank Collection,,,,,,2014.0
Sawed-Off,Forest DDPAT,Consumer Grade,Bank Collection,,,,,,2014.0
Negev,Army Sheen,Consumer Grade,Bank Collection,,,,,,2014.0
MP7,Forest DDPAT,Consumer Grade,Bank Collection,,,,,,2014.0
R8 Revolver,Bone Mask*,Consumer Grade,Bank Collection,,,,,,2014.0
UMP-45,Carbon Fiber,Industrial Grade,Bank Collection,,,,,,2014.0
Nova,Caged Steel,Industrial Grade,Bank Collection,,,,,,2014.0
MAC-10,Silver,Industrial Grade,Bank Collection,,,,,,2014.0
Glock-18,Death Rattle,Industrial Grade,Bank Collection,,,,,,2014.0
G3SG1,Green Apple,Industrial Grade,Bank Collection,,,,,,2014.0
Galil AR,Tuxedo,Mil-Spec,Bank Collection,,,,,,2014.0
Desert Eagle,Meteorite,Mil-Spec,Bank Collection,,,,,,2014.0
CZ75-Auto,Tuxedo,Mil-Spec,Bank Collection,,,,,,2014.0
AK-47,Emerald Pinstripe,Restricted,Bank Collection,,,,,,2014.0
P250,Franklin,Classified,Bank Collection,,,,,,2014.0
MP5-SD,Lab Rats,Restricted,Blacksite Collection,,,,,,2018.0
Negev,Nuclear Waste,Industrial Grade,Cache Collection,,,,,,2014.0
P250,Contamination,Industrial Grade,Cache Collection,,,,,,2014.0
AUG,Radiation Hazard,Industrial Grade,Cache Collection,,,,,,2014.0
PP-Bizon,Chemical Green,Industrial Grade,Cache Collection,,,,,,2014.0
SG 553,Fallout Warning,Industrial Grade,Cache Collection,,,,,,2014.0
Five-SeveN,Hot Shot,Industrial Grade,Cache Collection,,,,,,2014.0
Glock-18,Reactor,Mil-Spec,Cache Collection,,,,,,2014.0
MP9,Setting Sun,Mil-Spec,Cache Collection,,,,,,2014.0
XM1014,Bone Machine,Mil-Spec,Cache Collection,,,,,,2014.0
MAC-10,Nuclear Garden,Mil-Spec,Cache Collection,,,,,,2014.0
Tec-9,Toxic,Mil-Spec,Cache Collection,,,,,,2014.0
FAMAS,Styx,Restricted,Cache Collection,,,,,,2014.0
Galil AR,Cerberus,Restricted,Cache Collection,,,,,,2014.0
CZ75-Auto,Indigo,Consumer Grade,Canals Collection,,,,,,2019.0
AUG,Navy Murano,Consumer Grade,Canals Collection,,,,,,2019.0
R8 Revolver,Canal Spray,Consumer Grade,Canals Collection,,,,,,2019.0
Negev,Boroque Sand,Consumer Grade,Canals Collection,,,,,,2019.0
SCAR-20,Stone Mosaico,Consumer Grade,Canals Collection,,,,,,2019.0
AK-47,Baroque Purple,Industrial Grade,Canals Collection,,,,,,2019.0
SG 553,Candy Apple,Industrial Grade,Canals Collection,,,,,,2019.0
Tec-9,Orange Murano,Industrial Grade,Canals Collection,,,,,,2019.0
P250,Dark Filigree,Industrial Grade,Canals Collection,,,,,,2019.0
Dual Berettas,Emerald,Mil-Spec,Canals Collection,,,,,,2019.0
P90,Baroque Red,Mil-Spec,Canals Collection,,,,,,2019.0
SSG 08,Orange Filigree,Mil-Spec,Canals Collection,,,,,,2019.0
G3SG1,Violet Murano,Mil-Spec,Canals Collection,,,,,,2019.0
MAC-10,Red Filigree,Restricted,Canals Collection,,,,,,2019.0
Nova,Baroque Orange,Restricted,Canals Collection,,,,,,2019.0
MP9,Stained Glass,Restricted,Canals Collection,,,,,,2019.0
MAG-7,Cinquedea,Restricted,Canals Collection,,,,,,2019.0
AWP,The Prince,Covert,Canals Collection,,,,,,2019.0
P90,Storm,Consumer Grade,Cobblestone Collection,,,,,,2014.0
UMP-45,Indigo,Consumer Grade,Cobblestone Collection,,,,,,2014.0
MAC-10,Indigo,Consumer Grade,Cobblestone Collection,,,,,,2014.0
SCAR-20,Storm,Consumer Grade,Cobblestone Collection,,,,,,2014.0
Dual Berettas,Briar,Consumer Grade,Cobblestone Collection,,,,,,2014.0
USP-S,Royal Blue,Industrial Grade,Cobblestone Collection,,,,,,2014.0
Nova,Green Apple,Industrial Grade,Cobblestone Collection,,,,,,2014.0
MAG-7,Silver,Industrial Grade,Cobblestone Collection,,,,,,2014.0
Sawed-Off,Rust Coat,Industrial Grade,Cobblestone Collection,,,,,,2014.0
P2000,Chainmail,Mil-Spec,Cobblestone Collection,,,,,,2014.0
MP9,Dark Age,Mil-Spec,Cobblestone Collection,,,,,,2014.0
Desert Eagle,Hand Cannon,Restricted,Cobblestone Collection,,,,,,2014.0
CZ75-Auto,Chalice,Restricted,Cobblestone Collection,,,,,,2014.0
M4A1-S,Knight,Classified,Cobblestone Collection,,,,,,2014.0
AWP,Dragon Lore,Covert,Cobblestone Collection,,,,,,2014.0
M4A4,Desert Storm,Industrial Grade,Dust Collection,,,,,,2013.0
SCAR-20,Palm,Industrial Grade,Dust Collection,,,,,,2013.0
AK-47,Predator,Industrial Grade,Dust Collection,,,,,,2013.0
AWP,Snake Camo,Mil-Spec,Dust Collection,,,,,,2013.0
AUG,Copperhead,Mil-Spec,Dust Collection,,,,,,2013.0
Sawed-Off,Copper,Mil-Spec,Dust Collection,,,,,,2013.0
Desert Eagle,Blaze,Restricted,Dust Collection,,,,,,2013.0
P2000,Scorpion,Restricted,Dust Collection,,,,,,2013.0
Glock-18,Brass,Restricted,Dust Collection,,,,,,2013.0
Nova,Predator,Consumer Grade,Dust II Collection,,,,,,2021.0
MP9,Sand Dashed,Consumer Grade,Dust II Collection,,,,,,2021.0
P90,Sand Spray,Consumer Grade,Dust II Collection,,,,,,2021.0
SCAR-20,Sand Mesh,Consumer Grade,Dust II Collection,,,,,,2021.0
P250,Sand Dune,Consumer Grade,Dust II Collection,,,,,,2021.0
G3SG1,Desert Storm,Consumer Grade,Dust II Collection,,,,,,2021.0
Tec-9,VariCamo,Industrial Grade,Dust II Collection,,,,,,2021.0
MAC-10,Palm,Industrial Grade,Dust II Collection,,,,,,2021.0
Five-SeveN,Orange Peel,Industrial Grade,Dust II Collection,,,,,,2021.0
AK-47,Safari Mesh,Industrial Grade,Dust II Collection,,,,,,2021.0
Sawed-Off,Snake Camo,Industrial Grade,Dust II Collection,,,,,,2021.0
M4A1-S,VariCamo,Mil-Spec,Dust II Collection,,,,,,2021.0
PP-Bizon,Brass,Mil-Spec,Dust II Collection,,,,,,2021.0
SG 553,Damascus Steel,Mil-Spec,Dust II Collection,,,,,,2021.0
P2000,Amber Fade,Restricted,Dust II Collection,,,,,,2021.0
R8 Revolver,Amber Fade*,Classified,Dust II Collection,,,,,,2021.0
MAG-7,Sand Dune,Consumer Grade,Inferno Collection,,,,,,2013.0
Nova,Walnut,Consumer Grade,Inferno Collection,,,,,,2013.0
P250,Gunsmoke,Industrial Grade,Inferno Collection,,,,,,2013.0
M4A4,Tornado,Industrial Grade,Inferno Collection,,,,,,2013.0
Dual Berettas,Anodized Navy,Mil-Spec,Inferno Collection,,,,,,2013.0
Tec-9,Brass,Mil-Spec,Inferno Collection,,,,,,2013.0
PP-Bizon,Sand Dashed,Consumer Grade,Italy Collection,,,,,,2013.0
Nova,Sand Dune,Consumer Grade,Italy Collection,,,,,,2013.0
FAMAS,Colony,Consumer Grade,Italy Collection,,,,,,2013.0
AUG,Contractor,Consumer Grade,Italy Collection,,,,,,2013.0
Tec-9,Groundwater,Consumer Grade,Italy Collection,,,,,,2013.0
Nova,Candy Apple,Industrial Grade,Italy Collection,,,,,,2013.0
Dual Berettas,Stained,Industrial Grade,Italy Collection,,,,,,2013.0
P2000,Granite Marbleized,Industrial Grade,Italy Collection,,,,,,2013.0
UMP-45,Gunsmoke,Industrial Grade,Italy Collection,,,,,,2013.0
M4A1-S,Boreal Forest,Industrial Grade,Italy Collection,,,,,,2013.0
XM1014,CaliCamo,Industrial Grade,Italy Collection,,,,,,2013.0
MP7,Anodized Navy,Mil-Spec,Italy Collection,,,,,,2013.0
Glock-18,Candy Apple,Mil-Spec,Italy Collection,,,,,,2013.0
Sawed-Off,Full Stop,Mil-Spec,Italy Collection,,,,,,2013.0
AWP,Pit Viper,Restricted,Italy Collection,,,,,,2013.0
G3SG1,Jungle Dashed,Consumer Grade,Lake Collection,,,,,,2013.0
SG 553,Waves Perforated,Consumer Grade,Lake Collection,,,,,,2013.0
Galil AR,Sage Spray,Consumer Grade,Lake Collection,,,,,,2013.0
AUG,Storm,Consumer Grade,Lake Collection,,,,,,2013.0
XM1014,Blue Spruce,Consumer Grade,Lake Collection,,,,,,2013.0
P250,Boreal Forest,Consumer Grade,Lake Collection,,,,,,2013.0
XM1014,Blue Steel,Industrial Grade,Lake Collection,,,,,,2013.0
FAMAS,Cyanospatter,Industrial Grade,Lake Collection,,,,,,2013.0
PP-Bizon,Night Ops,Industrial Grade,Lake Collection,,,,,,2013.0
AWP,Safari Mesh,Industrial Grade,Lake Collection,,,,,,2013.0
Desert Eagle,Mudder,Industrial Grade,Lake Collection,,,,,,2013.0
SG 553,Anodized Navy,Mil-Spec,Lake Collection,,,,,,2013.0
P90,Teardown,Mil-Spec,Lake Collection,,,,,,2013.0
USP-S,Night Ops,Mil-Spec,Lake Collection,,,,,,2013.0
Dual Berettas,Cobalt Quartz,Restricted,Lake Collection,,,,,,2013.0
XM1014,Grassland,Consumer Grade,Militia Collection,,,,,,2013.0
MAC-10,Tornado,Consumer Grade,Militia Collection,,,,,,2013.0
PP-Bizon,Forest Leaves,Consumer Grade,Militia Collection,,,,,,2013.0
P2000,Grassland Leaves*,Industrial Grade,Militia Collection,,,,,,2013.0
Nova,Modern Hunter,Mil-Spec,Militia Collection,,,,,,2013.0
Nova,Blaze Orange,Mil-Spec,Militia Collection,,,,,,2013.0
P250,Modern Hunter,Mil-Spec,Militia Collection,,,,,,2013.0
XM1014,Blaze Orange,Mil-Spec,Militia Collection,,,,,,2013.0
PP-Bizon,Modern Hunter,Mil-Spec,Militia Collection,,,,,,2013.0
M4A4,Modern Hunter*,Restricted,Militia Collection,,,,,,2013.0
SCAR-20,Splash Jam,Classified,Militia Collection,,,,,,2013.0
Galil AR,Hunting Blind,Consumer Grade,Mirage Collection,,,,,,2013.0
P90,Scorched,Consumer Grade,Mirage Collection,,,,,,2013.0
G3SG1,Safari Mesh,Consumer Grade,Mirage Collection,,,,,,2013.0
AUG,Colony,Consumer Grade,Mirage Collection,,,,,,2013.0
Five-SeveN,Contractor,Consumer Grade,Mirage Collection,,,,,,2013.0
P250,Bone Mask,Consumer Grade,Mirage Collection,,,,,,2013.0
MP7,Orange Peel,Industrial Grade,Mirage Collection,,,,,,2013.0
Glock-18,Groundwater,Industrial Grade,Mirage Collection,,,,,,2013.0
SG 553,Gator Mesh,Industrial Grade,Mirage Collection,,,,,,2013.0
SSG 08,Tropical Storm,Industrial Grade,Mirage Collection,,,,,,2013.0
Negev,CaliCamo,Industrial Grade,Mirage Collection,,,,,,2013.0
MP9,Hot Rod,Mil-Spec,Mirage Collection,,,,,,2013.0
UMP-45,Blaze,Mil-Spec,Mirage Collection,,,,,,2013.0
MAC-10,Amber Fade,Mil-Spec,Mirage Collection,,,,,,2013.0
MAG-7,Bulldozer,Restricted,Mirage Collection,,,,,,2013.0
MAG-7,Irradiated Alert,Consumer Grade,Nuke Collection,,,,,,2013.0
Sawed-Off,Irradiated Alert,Consumer Grade,Nuke Collection,,,,,,2013.0
PP-Bizon,Irradiated Alert,Consumer Grade,Nuke Collection,,,,,,2013.0
P90,Fallout Warning,Industrial Grade,Nuke Collection,,,,,,2013.0
UMP-45,Fallout Warning,Industrial Grade,Nuke Collection,,,,,,2013.0
XM1014,Fallout Warning,Industrial Grade,Nuke Collection,,,,,,2013.0
M4A4,Radiation Hazard,Mil-Spec,Nuke Collection,,,,,,2013.0
P250,Nuclear Threat,Restricted,Nuke Collection,,,,,,2013.0
Tec-9,Nuclear Threat,Restricted,Nuke Collection,,,,,,2013.0
FAMAS,Contrast Spray,Consumer Grade,Office Collection,,,,,,2013.0
Galil AR,Winter Forest,Industrial Grade,Office Collection,,,,,,2013.0
G3SG1,Arctic Camo,Industrial Grade,Office Collection,,,,,,2013.0
M249,Blizzard Marbleized,Industrial Grade,Office Collection,,,,,,2013.0
P2000,Silver,Mil-Spec,Office Collection,,,,,,2013.0
MP7,Whiteout,Mil-Spec,Office Collection,,,,,,2013.0
Sawed-Off,Sage Spray,Consumer Grade,Overpass Collection,,,,,,2014.0
UMP-45,Scorched,Consumer Grade,Overpass Collection,,,,,,2014.0
M249,Contrast Spray,Consumer Grade,Overpass Collection,,,,,,2014.0
MAG-7,Storm,Consumer Grade,Overpass Collection,,,,,,2014.0
MP9,Storm,Consumer Grade,Overpass Collection,,,,,,2014.0
Desert Eagle,Urban DDPAT,Industrial Grade,Overpass Collection,,,,,,2014.0
MP7,Gunsmoke,Industrial Grade,Overpass Collection,,,,,,2014.0
Glock-18,Night,Industrial Grade,Overpass Collection,,,,,,2014.0
P2000,Grassland,Industrial Grade,Overpass Collection,,,,,,2014.0
CZ75-Auto,Nitro,Mil-Spec,Overpass Collection,,,,,,2014.0
SSG 08,Detour,Mil-Spec,Overpass Collection,,,,,,2014.0
XM1014,VariCamo Blue,Mil-Spec,Overpass Collection,,,,,,2014.0
AWP,Pink DDPAT,Restricted,Overpass Collection,,,,,,2014.0
USP-S,Road Rash,Restricted,Overpass Collection,,,,,,2014.0
M4A1-S,Master Piece,Classified,Overpass Collection,,,,,,2014.0
Dual Berettas,Contractor,Consumer Grade,Safehouse Collection,,,,,,2013.0
MP7,Army Recon,Consumer Grade,Safehouse Collection,,,,,,2013.0
Tec-9,Army Mesh,Consumer Grade,Safehouse Collection,,,,,,2013.0
SSG 08,Blue Spruce,Consumer Grade,Safehouse Collection,,,,,,2013.0
SCAR-20,Contractor,Consumer Grade,Safehouse Collection,,,,,,2013.0
MP9,Orange Peel,Industrial Grade,Safehouse Collection,,,,,,2013.0
AUG,Condemned,Industrial Grade,Safehouse Collection,,,,,,2013.0
USP-S,Forest Leaves,Industrial Grade,Safehouse Collection,,,,,,2013.0
Galil AR,VariCamo,Industrial Grade,Safehouse Collection,,,,,,2013.0
M249,Gator Mesh,Industrial Grade,Safehouse Collection,,,,,,2013.0
G3SG1,VariCamo,Industrial Grade,Safehouse Collection,,,,,,2013.0
FAMAS,Teardown,Mil-Spec,Safehouse Collection,,,,,,2013.0
Five-SeveN,Silver Quartz,Mil-Spec,Safehouse Collection,,,,,,2013.0
SSG 08,Acid Fade,Mil-Spec,Safehouse Collection,,,,,,2013.0
M4A1-S,Nitro,Restricted,Safehouse Collection,,,,,,2013.0
M249,Jungle,Consumer Grade,St. Marc Collection,,,,,,2019.0
MP5-SD,Bamboo Garden,Consumer Grade,St. Marc Collection,,,,,,2019.0
MAC-10,Surfwood,Consumer Grade,St. Marc Collection,,,,,,2019.0
PP-Bizon,Seabird,Consumer Grade,St. Marc Collection,,,,,,2019.0
Sawed-Off,Jungle Thicket,Consumer Grade,St. Marc Collection,,,,,,2019.0
M4A4,Dark Blossom,Industrial Grade,St. Marc Collection,,,,,,2019.0
P90,Sunset Lily,Industrial Grade,St. Marc Collection,,,,,,2019.0
Tec-9,Rust Leaf,Industrial Grade,St. Marc Collection,,,,,,2019.0
XM1014,Banana Leaf,Industrial Grade,St. Marc Collection,,,,,,2019.0
MP7,Teal Blossom,Mil-Spec,St. Marc Collection,,,,,,2019.0
Five-SeveN,Crimson Blossom,Mil-Spec,St. Marc Collection,,,,,,2019.0
FAMAS,Sundown,Mil-Spec,St. Marc Collection,,,,,,2019.0
UMP-45,Day Lily,Mil-Spec,St. Marc Collection,,,,,,2019.0
AUG,Midnight Lily,Restricted,St. Marc Collection,,,,,,2019.0
SSG 08,Sea Calico,Restricted,St. Marc Collection,,,,,,2019.0
Glock-18,Synth Leaf,Restricted,St. Marc Collection,,,,,,2019.0
MP9,Wild Lily,Classified,St. Marc Collection,,,,,,2019.0
AK-47,Wild Lotus,Covert,St. Marc Collection,,,,,,2019.0
PP-Bizon,Urban Dashed,Consumer Grade,Train Collection,,,,,,2013.0
Nova,Polar Mesh,Consumer Grade,Train Collection,,,,,,2013.0
Five-SeveN,Forest Night,Consumer Grade,Train Collection,,,,,,2013.0
G3SG1,Polar Camo,Consumer Grade,Train Collection,,,,,,2013.0
Dual Berettas,Colony,Consumer Grade,Train Collection,,,,,,2013.0
UMP-45,Urban DDPAT,Consumer Grade,Train Collection,,,,,,2013.0
M4A4,Urban DDPAT,Industrial Grade,Train Collection,,,,,,2013.0
MAC-10,Candy Apple,Industrial Grade,Train Collection,,,,,,2013.0
P90,Ash Wood,Industrial Grade,Train Collection,,,,,,2013.0
SCAR-20,Carbon Fiber,Industrial Grade,Train Collection,,,,,,2013.0
MAG-7,Metallic DDPAT,Industrial Grade,Train Collection,,,,,,2013.0
P250,Metallic DDPAT,Industrial Grade,Train Collection,,,,,,2013.0
Sawed-Off,Amber Fade,Mil-Spec,Train Collection,,,,,,2013.0
Desert Eagle,Urban Rubble,Mil-Spec,Train Collection,,,,,,2013.0
Tec-9,Red Quartz,Restricted,Train Collection,,,,,,2013.0
XM1014,Urban Perforated,Consumer Grade,Vertigo Collection,,,,,,2013.0
MAC-10,Urban DDPAT,Consumer Grade,Vertigo Collection,,,,,,2013.0
PP-Bizon,Carbon Fiber,Industrial Grade,Vertigo Collection,,,,,,2013.0
P90,Glacier Mesh,Mil-Spec,Vertigo Collection,,,,,,2013.0
AK-47,Black Laminate,Mil-Spec,Vertigo Collection,,,,,,2013.0
Dual Berettas,Demolition,Restricted,Vertigo Collection,,,,,,2013.0
MAG-7,Rust Coat,Consumer Grade,2018 Inferno Collection,,,,,,2018.0
AUG,Sweeper,Consumer Grade,2018 Inferno Collection,,,,,,2018.0
UMP-45,Mudder,Consumer Grade,2018 Inferno Collection,,,,,,2018.0
MP9,Slide,Consumer Grade,2018 Inferno Collection,,,,,,2018.0
MP5-SD,Dirt Drop,Consumer Grade,2018 Inferno Collection,,,,,,2018.0
PP-Bizon,Candy Apple,Industrial Grade,2018 Inferno Collection,,,,,,2018.0
MAC-10,Calf Skin,Industrial Grade,2018 Inferno Collection,,,,,,2018.0
R8 Revolver,Nitro,Industrial Grade,2018 Inferno Collection,,,,,,2018.0
Glock-18,High Beam,Industrial Grade,2018 Inferno Collection,,,,,,2018.0
Sawed-Off,Brake Light,Mil-Spec,2018 Inferno Collection,,,,,,2018.0
SSG 08,Hand Brake,Mil-Spec,2018 Inferno Collection,,,,,,2018.0
USP-S,Check Engine,Mil-Spec,2018 Inferno Collection,,,,,,2018.0
M4A4,Converter,Mil-Spec,2018 Inferno Collection,,,,,,2018.0
P250,Vino Primo,Restricted,2018 Inferno Collection,,,,,,2018.0
MP7,Fade,Restricted,2018 Inferno Collection,,,,,,2018.0
AK-47,Safety Net,Restricted,2018 Inferno Collection,,,,,,2018.0
Dual Berettas,Twin Turbo,Classified,2018 Inferno Collection,,,,,,2018.0
SG 553,Integrale,Classified,2018 Inferno Collection,,,,,,2018.0
Nova,Mandrel,Consumer Grade,2018 Nuke Collection,,,,,,2018.0
PP-Bizon,Facility Sketch,Consumer Grade,2018 Nuke Collection,,,,,,2018.0
UMP-45,Facility Dark,Consumer Grade,2018 Nuke Collection,,,,,,2018.0
Five-SeveN,Coolant,Consumer Grade,2018 Nuke Collection,,,,,,2018.0
P250,Facility Draft,Consumer Grade,2018 Nuke Collection,,,,,,2018.0
MP7,Motherboard,Industrial Grade,2018 Nuke Collection,,,,,,2018.0
Negev,Bulkhead,Industrial Grade,2018 Nuke Collection,,,,,,2018.0
Galil AR,Cold Fusion,Industrial Grade,2018 Nuke Collection,,,,,,2018.0
M4A4,Mainframe,Industrial Grade,2018 Nuke Collection,,,,,,2018.0
P250,Exchanger,Mil-Spec,2018 Nuke Collection,,,,,,2018.0
P90,Facility Negative,Mil-Spec,2018 Nuke Collection,,,,,,2018.0
MP5-SD,Co-Processor,Mil-Spec,2018 Nuke Collection,,,,,,2018.0
AWP,Acheron,Mil-Spec,2018 Nuke Collection,,,,,,2018.0
MAG-7,Core Breach,Restricted,2018 Nuke Collection,,,,,,2018.0
AUG,Random Access,Restricted,2018 Nuke Collection,,,,,,2018.0
Glock-18,Nuclear Garden,Restricted,2018 Nuke Collection,,,,,,2018.0
Tec-9,Remote Control,Classified,2018 Nuke Collection,,,,,,2018.0
M4A1-S,Control Panel,Classified,2018 Nuke Collection,,,,,,2018.0
R8 Revolver,Desert Brush,Consumer Grade,2021 Dust II Collection,,,,,,2021.0
P90,Desert DDPAT,Consumer Grade,2021 Dust II Collection,,,,,,2021.0
SG 553,Bleached,Consumer Grade,2021 Dust II Collection,,,,,,2021.0
MP7,Prey,Consumer Grade,2021 Dust II Collection,,,,,,2021.0
Sawed-Off,Parched,Consumer Grade,2021 Dust II Collection,,,,,,2021.0
AUG,Spalted Wood,Industrial Grade,2021 Dust II Collection,,,,,,2021.0
MP9,Old Roots,Industrial Grade,2021 Dust II Collection,,,,,,2021.0
Five-SeveN,Withered Vine,Industrial Grade,2021 Dust II Collection,,,,,,2021.0
M249,Midnight Palm,Industrial Grade,2021 Dust II Collection,,,,,,2021.0
P250,Black & Tan,Mil-Spec,2021 Dust II Collection,,,,,,2021.0
Nova,Quick Sand,Mil-Spec,2021 Dust II Collection,,,,,,2021.0
G3SG1,New Roots,Mil-Spec,2021 Dust II Collection,,,,,,2021.0
Galil AR,Amber Fade,Mil-Spec,2021 Dust II Collection,,,,,,2021.0
USP-S,Orange Anolis,Restricted,2021 Dust II Collection,,,,,,2021.0
M4A4,Red DDPAT,Restricted,2021 Dust II Collection,,,,,,2021.0
MAC-10,Case Hardened,Restricted,2021 Dust II Collection,,,,,,2021.0
UMP-45,Fade,Classified,2021 Dust II Collection,,,,,,2021.0
SSG 08,Death Strike,Classified,2021 Dust II Collection,,,,,,2021.0
AK-47,Gold Arabesque,Covert,2021 Dust II Collection,,,,,,2021.0
P250,Drought,Consumer Grade,2021 Mirage Collection,,,,,,2021.0
PP-Bizon,Anolis,Consumer Grade,2021 Mirage Collection,,,,,,2021.0
MAG-7,Navy Sheen,Consumer Grade,2021 Mirage Collection,,,,,,2021.0
MAC-10,Sienna Damask,Consumer Grade,2021 Mirage Collection,,,,,,2021.0
SSG 08,Prey,Consumer Grade,2021 Mirage Collection,,,,,,2021.0
Dual Berettas,Drift Wood,Industrial Grade,2021 Mirage Collection,,,,,,2021.0
FAMAS,CaliCamo,Industrial Grade,2021 Mirage Collection,,,,,,2021.0
CZ75-Auto,Midnight Palm,Industrial Grade,2021 Mirage Collection,,,,,,2021.0
P90,Verdant Growth,Industrial Grade,2021 Mirage Collection,,,,,,2021.0
USP-S,Purple DDPAT,Mil-Spec,2021 Mirage Collection,,,,,,2021.0
MP9,Music Box,Mil-Spec,2021 Mirage Collection,,,,,,2021.0
M249,Humidor,Mil-Spec,2021 Mirage Collection,,,,,,2021.0
SG 553,Desert Blossom,Mil-Spec,2021 Mirage Collection,,,,,,2021.0
XM1014,Elegant Vines,Restricted,2021 Mirage Collection,,,,,,2021.0
Glock-18,Pink DDPAT,Restricted,2021 Mirage Collection,,,,,,2021.0
AUG,Sand Storm,Restricted,2021 Mirage Collection,,,,,,2021.0
MP5-SD,Oxide Oasis,Classified,2021 Mirage Collection,,,,,,2021.0
Desert Eagle,Fennec Fox,Classified,2021 Mirage Collection,,,,,,2021.0
AWP,Desert Hydra,Covert,2021 Mirage Collection,,,,,,2021.0
Desert Eagle,Sputnik,Mil-Spec,2021 Train Collection,,,,,,2021.0
M4A1-S,Fizzy POP,Mil-Spec,2021 Train Collection,,,,,,2021.0
SSG 08,Spring Twilly,Mil-Spec,2021 Train Collection,,,,,,2021.0
AUG,Amber Fade,Mil-Spec,2021 Train Collection,,,,,,2021.0
UMP-45,Full Stop,Mil-Spec,2021 Train Collection,,,,,,2021.0
Tec-9,Safety Net,Mil-Spec,2021 Train Collection,,,,,,2021.0
R8 Revolver,Blaze,Mil-Spec,2021 Train Collection,,,,,,2021.0
CZ75-Auto,Syndicate,Restricted,2021 Train Collection,,,,,,2021.0
AWP,POP AWP,Restricted,2021 Train Collection,,,,,,2021.0
P2000,Space Race,Restricted,2021 Train Collection,,,,,,2021.0
MP5-SD,Autumn Twilly,Restricted,2021 Train Collection,,,,,,2021.0
Nova,Red Quartz,Restricted,2021 Train Collection,,,,,,2021.0
USP-S,Whiteout,Classified,2021 Train Collection,,,,,,2021.0
MAC-10,Propaganda,Classified,2021 Train Collection,,,,,,2021.0
FAMAS,Meltdown,Classified,2021 Train Collection,,,,,,2021.0
M4A4,The Coalition,Covert,2021 Train Collection,,,,,,2021.0
Glock-18,Gamma Doppler,Covert,2021 Train Collection,,,,,,2021.0
MAC-10,Strats,Consumer Grade,2021 Vertigo Collection,,,,,,2021.0
FAMAS,Faulty Wiring,Consumer Grade,2021 Vertigo Collection,,,,,,2021.0
XM1014,Blue Tire,Consumer Grade,2021 Vertigo Collection,,,,,,2021.0
CZ75-Auto,Framework,Consumer Grade,2021 Vertigo Collection,,,,,,2021.0
Dual Berettas,Oil Change,Consumer Grade,2021 Vertigo Collection,,,,,,2021.0
Glock-18,Red Tire,Industrial Grade,2021 Vertigo Collection,,,,,,2021.0
UMP-45,Mechanism,Industrial Grade,2021 Vertigo Collection,,,,,,2021.0
SSG 08,Carbon Fiber,Industrial Grade,2021 Vertigo Collection,,,,,,2021.0
PP-Bizon,Breaker Box,Industrial Grade,2021 Vertigo Collection,,,,,,2021.0
AK-47,Green Laminate,Mil-Spec,2021 Vertigo Collection,,,,,,2021.0
P90,Schematic,Mil-Spec,2021 Vertigo Collection,,,,,,2021.0
Nova,Interlock,Mil-Spec,2021 Vertigo Collection,,,,,,2021.0
Negev,Infrastructure,Mil-Spec,2021 Vertigo Collection,,,,,,2021.0
Galil AR,CAUTION!,Restricted,2021 Vertigo Collection,,,,,,2021.0
MAG-7,Prism Terrace,Restricted,2021 Vertigo Collection,,,,,,2021.0
P250,Digital Architect,Restricted,2021 Vertigo Collection,,,,,,2021.0
Five-SeveN,Fall Hazard,Classified,2021 Vertigo Collection,,,,,,2021.0
SG 553,Hazard Pay,Classified,2021 Vertigo Collection,,,,,,2021.0
M4A1-S,Imminent Danger,Covert,2021 Vertigo Collection,,,,,,2021.0
SCAR-20,Army Sheen,Consumer Grade,Chop Shop Collection,,,,,,2015.0
CZ75-Auto,Army Sheen,Consumer Grade,Chop Shop Collection,,,,,,2015.0
M249,Impact Drill,Consumer Grade,Chop Shop Collection,,,,,,2015.0
MAG-7,Seabird,Consumer Grade,Chop Shop Collection,,,,,,2015.0
Desert Eagle,Night,Industrial Grade,Chop Shop Collection,,,,,,2015.0
Galil AR,Urban Rubble,Industrial Grade,Chop Shop Collection,,,,,,2015.0
USP-S,Para Green,Industrial Grade,Chop Shop Collection,,,,,,2015.0
MAC-10,Fade,Mil-Spec,Chop Shop Collection,,,,,,2015.0
P250,Whiteout,Mil-Spec,Chop Shop Collection,,,,,,2015.0
MP7,Full Stop,Mil-Spec,Chop Shop Collection,,,,,,2015.0
Five-SeveN,Nitro,Mil-Spec,Chop Shop Collection,,,,,,2015.0
CZ75-Auto,Emerald,Mil-Spec,Chop Shop Collection,,,,,,2015.0
SG 553,Bulldozer,Restricted,Chop Shop Collection,,,,,,2015.0
Dual Berettas,Duelist,Restricted,Chop Shop Collection,,,,,,2015.0
Glock-18,Twilight Galaxy,Classified,Chop Shop Collection,,,,,,2015.0
M4A1-S,Hot Rod,Classified,Chop Shop Collection,,,,,,2015.0
MP7,Asterion,Consumer Grade,Gods and Monsters Collection,,,,,,2015.0
AUG,Daedalus,Consumer Grade,Gods and Monsters Collection,,,,,,2015.0
Dual Berettas,Moon in Libra,Consumer Grade,Gods and Monsters Collection,,,,,,2015.0
Nova,Moon in Libra,Consumer Grade,Gods and Monsters Collection,,,,,,2015.0
Tec-9,Hades,Industrial Grade,Gods and Monsters Collection,,,,,,2015.0
P2000,Pathfinder,Industrial Grade,Gods and Monsters Collection,,,,,,2015.0
AWP,Sun in Leo,Industrial Grade,Gods and Monsters Collection,,,,,,2015.0
M249,Shipping Forecast,Industrial Grade,Gods and Monsters Collection,,,,,,2015.0
UMP-45,Minotaur's Labyrinth,Mil-Spec,Gods and Monsters Collection,,,,,,2015.0
MP9,Pandora's Box,Mil-Spec,Gods and Monsters Collection,,,,,,2015.0
G3SG1,Chronos,Restricted,Gods and Monsters Collection,,,,,,2015.0
M4A1-S,Icarus Fell,Restricted,Gods and Monsters Collection,,,,,,2015.0
M4A4,Poseidon,Classified,Gods and Monsters Collection,,,,,,2015.0
AWP,Medusa,Covert,Gods and Monsters Collection,,,,,,2015.0
PP-Bizon,Bamboo Print,Consumer Grade,Rising Sun Collection,,,,,,2015.0
Sawed-Off,Bamboo Shadow,Consumer Grade,Rising Sun Collection,,,,,,2015.0
Tec-9,Bamboo Forest,Consumer Grade,Rising Sun Collection,,,,,,2015.0
G3SG1,Orange Kimono,Consumer Grade,Rising Sun Collection,,,,,,2015.0
P250,Mint Kimono,Consumer Grade,Rising Sun Collection,,,,,,2015.0
P250,Crimson Kimono,Industrial Grade,Rising Sun Collection,,,,,,2015.0
Desert Eagle,Midnight Storm,Industrial Grade,Rising Sun Collection,,,,,,2015.0
Galil AR,Aqua Terrace,Mil-Spec,Rising Sun Collection,,,,,,2015.0
MAG-7,Counter Terrace,Mil-Spec,Rising Sun Collection,,,,,,2015.0
Tec-9,Terrace,Mil-Spec,Rising Sun Collection,,,,,,2015.0
Five-SeveN,Neon Kimono,Restricted,Rising Sun Collection,,,,,,2015.0
Desert Eagle,Sunset Storm 壱,Restricted,Rising Sun Collection,,,,,,2015.0
Desert Eagle,Sunset Storm 弐,Restricted,Rising Sun Collection,,,,,,2015.0
M4A4,Daybreak,Restricted,Rising Sun Collection,,,,,,2015.0
AK-47,Hydroponic,Classified,Rising Sun Collection,,,,,,2015.0
AUG,Akihabara Accept,Covert,Rising Sun Collection,,,,,,2015.0
M249,Jungle DDPAT,Consumer Grade,Alpha Collection,,,,,,2013.0
Tec-9,Tornado,Consumer Grade,Alpha Collection,,,,,,2013.0
MP9,Dry Season,Consumer Grade,Alpha Collection,,,,,,2013.0
Five-SeveN,Anodized Gunmetal,Consumer Grade,Alpha Collection,,,,,,2013.0
XM1014,Jungle,Consumer Grade,Alpha Collection,,,,,,2013.0
MP7,Groundwater,Consumer Grade,Alpha Collection,,,,,,2013.0
Glock-18,Sand Dune,Industrial Grade,Alpha Collection,,,,,,2013.0
SSG 08,Mayan Dreams,Industrial Grade,Alpha Collection,,,,,,2013.0
Negev,Palm,Industrial Grade,Alpha Collection,,,,,,2013.0
Sawed-Off,Mosaico,Industrial Grade,Alpha Collection,,,,,,2013.0
P250,Facets,Industrial Grade,Alpha Collection,,,,,,2013.0
AUG,Anodized Navy,Mil-Spec,Alpha Collection,,,,,,2013.0
MAG-7,Hazard,Mil-Spec,Alpha Collection,,,,,,2013.0
PP-Bizon,Rust Coat,Mil-Spec,Alpha Collection,,,,,,2013.0
FAMAS,Spitfire,Restricted,Alpha Collection,,,,,,2013.0
SCAR-20,Emerald,Restricted,Alpha Collection,,,,,,2013.0
SG 553,Barricade,Consumer Grade,Norse Collection,,,,,,2019.0
FAMAS,Night Borre,Consumer Grade,Norse Collection,,,,,,2019.0
MP7,Scorched,Consumer Grade,Norse Collection,,,,,,2019.0
Galil AR,Tornado,Consumer Grade,Norse Collection,,,,,,2019.0
SSG 08,Red Stone,Consumer Grade,Norse Collection,,,,,,2019.0
MAG-7,Chainmail,Industrial Grade,Norse Collection,,,,,,2019.0
M4A1-S,Moss Quartz,Industrial Grade,Norse Collection,,,,,,2019.0
USP-S,Pathfinder,Industrial Grade,Norse Collection,,,,,,2019.0
Dual Berettas,Pyre,Industrial Grade,Norse Collection,,,,,,2019.0
SCAR-20,Brass,Mil-Spec,Norse Collection,,,,,,2019.0
CZ75-Auto,Emerald Quartz,Mil-Spec,Norse Collection,,,,,,2019.0
MAC-10,Copper Borre,Mil-Spec,Norse Collection,,,,,,2019.0
XM1014,Frost Borre,Mil-Spec,Norse Collection,,,,,,2019.0
P90,Astral Jörmungandr,Restricted,Norse Collection,,,,,,2019.0
AUG,Flame Jörmungandr,Restricted,Norse Collection,,,,,,2019.0
Desert Eagle,Emerald Jörmungandr,Restricted,Norse Collection,,,,,,2019.0
Negev,Mjölnir,Classified,Norse Collection,,,,,,2019.0
AWP,Gungnir,Covert,Norse Collection,,,,,,2019.0
AUG,Surveillance,Consumer Grade,Control Collection,,,,,,2020.0
XM1014,Charter,Consumer Grade,Control Collection,,,,,,2020.0
MP9,Army Sheen,Consumer Grade,Control Collection,,,,,,2020.0
P250,Forest Night,Consumer Grade,Control Collection,,,,,,2020.0
CZ75-Auto,Jungle Dashed,Consumer Grade,Control Collection,,,,,,2020.0
Dual Berettas,Switch Board,Industrial Grade,Control Collection,,,,,,2020.0
Desert Eagle,The Bronze,Industrial Grade,Control Collection,,,,,,2020.0
MAG-7,Carbon Fiber,Industrial Grade,Control Collection,,,,,,2020.0
MP5-SD,Nitro,Industrial Grade,Control Collection,,,,,,2020.0
SCAR-20,Magna Carta,Mil-Spec,Control Collection,,,,,,2020.0
P2000,Dispatch,Mil-Spec,Control Collection,,,,,,2020.0
SSG 08,Threat Detected,Mil-Spec,Control Collection,,,,,,2020.0
M4A4,Global Offensive,Mil-Spec,Control Collection,,,,,,2020.0
FAMAS,Prime Conspiracy,Restricted,Control Collection,,,,,,2020.0
UMP-45,Crime Scene,Restricted,Control Collection,,,,,,2020.0
Five-SeveN,Berries And Cherries,Restricted,Control Collection,,,,,,2020.0
USP-S,Target Acquired,Classified,Control Collection,,,,,,2020.0
M4A1-S,Blue Phosphor,Classified,Control Collection,,,,,,2020.0
AWP,Fade,Covert,Control Collection,,,,,,2020.0
PP-Bizon,Death Rattle,Consumer Grade,Havoc Collection,,,,,,2020.0
Dual Berettas,Heist,Consumer Grade,Havoc Collection,,,,,,2020.0
Sawed-Off,Clay Ambush,Consumer Grade,Havoc Collection,,,,,,2020.0
M249,Predator,Consumer Grade,Havoc Collection,,,,,,2020.0
Tec-9,Phoenix Chalk,Consumer Grade,Havoc Collection,,,,,,2020.0
MP7,Vault Heist,Industrial Grade,Havoc Collection,,,,,,2020.0
R8 Revolver,Phoenix Marker,Industrial Grade,Havoc Collection,,,,,,2020.0
UMP-45,Houndstooth,Industrial Grade,Havoc Collection,,,,,,2020.0
Nova,Rust Coat,Industrial Grade,Havoc Collection,,,,,,2020.0
P90,Tiger Pit,Mil-Spec,Havoc Collection,,,,,,2020.0
Negev,Phoenix Stencil,Mil-Spec,Havoc Collection,,,,,,2020.0
Desert Eagle,Night Heist,Mil-Spec,Havoc Collection,,,,,,2020.0
P250,Bengal Tiger,Mil-Spec,Havoc Collection,,,,,,2020.0
Glock-18,Franklin,Restricted,Havoc Collection,,,,,,2020.0
Galil AR,Phoenix Blacklight,Restricted,Havoc Collection,,,,,,2020.0
SG 553,Hypnotic,Restricted,Havoc Collection,,,,,,2020.0
MAC-10,Hot Snakes,Classified,Havoc Collection,,,,,,2020.0
AWP,Silk Tiger,Classified,Havoc Collection,,,,,,2020.0
AK-47,X-Ray,Covert,Havoc Collection,,,,,,2020.0
MP7,Skulls,Mil-Spec,CS:GO Weapon Case,,,,,,2013.0
SG 553,Ultraviolet,Mil-Spec,CS:GO Weapon Case,,,,,,2013.0
AUG,Wings,Mil-Spec,CS:GO Weapon Case,,,,,,2013.0
M4A1-S,Dark Water,Restricted,CS:GO Weapon Case,,,,,,2013.0
USP-S,Dark Water,Restricted,CS:GO Weapon Case,,,,,,2013.0
Glock-18,Dragon Tattoo,Restricted,CS:GO Weapon Case,,,,,,2013.0
Desert Eagle,Hypnotic,Classified,CS:GO Weapon Case,,,,,,2013.0
AK-47,Case Hardened,Classified,CS:GO Weapon Case,,,,,,2013.0
AWP,Lightning Strike,Covert,CS:GO Weapon Case,,,,,,2013.0
M4A4,Faded Zebra,Mil-Spec,eSports 2013 Case,,,,,,2013.0
FAMAS,Doomkitty,Mil-Spec,eSports 2013 Case,,,,,,2013.0
MAG-7,Memento,Mil-Spec,eSports 2013 Case,,,,,,2013.0
Sawed-Off,Orange DDPAT,Restricted,eSports 2013 Case,,,,,,2013.0
P250,Splash,Restricted,eSports 2013 Case,,,,,,2013.0
Galil AR,Orange DDPAT,Restricted,eSports 2013 Case,,,,,,2013.0
AK-47,Red Laminate,Classified,eSports 2013 Case,,,,,,2013.0
AWP,BOOM,Classified,eSports 2013 Case,,,,,,2013.0
P90,Death by Kitty,Covert,eSports 2013 Case,,,,,,2013.0
Nova,Tempest,Mil-Spec,Operation Bravo Case,,,,,,2013.0
Dual Berettas,Black Limba,Mil-Spec,Operation Bravo Case,,,,,,2013.0
UMP-45,Bone Pile,Mil-Spec,Operation Bravo Case,,,,,,2013.0
SG 553,Wave Spray,Mil-Spec,Operation Bravo Case,,,,,,2013.0
Galil AR,Shattered,Mil-Spec,Operation Bravo Case,,,,,,2013.0
G3SG1,Demeter,Mil-Spec,Operation Bravo Case,,,,,,2013.0
M4A1-S,Bright Water,Restricted,Operation Bravo Case,,,,,,2013.0
M4A4,Zirka,Restricted,Operation Bravo Case,,,,,,2013.0
MAC-10,Graven,Restricted,Operation Bravo Case,,,,,,2013.0
USP-S,Overgrowth,Restricted,Operation Bravo Case,,,,,,2013.0
P90,Emerald Dragon,Classified,Operation Bravo Case,,,,,,2013.0
P2000,Ocean Foam,Classified,Operation Bravo Case,,,,,,2013.0
AWP,Graphite,Classified,Operation Bravo Case,,,,,,2013.0
Desert Eagle,Golden Koi,Covert,Operation Bravo Case,,,,,,2013.0
AK-47,Fire Serpent,Covert,Operation Bravo Case,,,,,,2013.0
Tec-9,Blue Titanium,Mil-Spec,CS:GO Weapon Case 2,,,,,,2013.0
M4A1-S,Blood Tiger,Mil-Spec,CS:GO Weapon Case 2,,,,,,2013.0
FAMAS,Hexane,Mil-Spec,CS:GO Weapon Case 2,,,,,,2013.0
P250,Hive,Mil-Spec,CS:GO Weapon Case 2,,,,,,2013.0
SCAR-20,Crimson Web,Mil-Spec,CS:GO Weapon Case 2,,,,,,2013.0
Five-SeveN,Case Hardened,Restricted,CS:GO Weapon Case 2,,,,,,2013.0
MP9,Hypnotic,Restricted,CS:GO Weapon Case 2,,,,,,2013.0
Nova,Graphite,Restricted,CS:GO Weapon Case 2,,,,,,2013.0
Dual Berettas,Hemoglobin,Restricted,CS:GO Weapon Case 2,,,,,,2013.0
P90,Cold Blooded,Classified,CS:GO Weapon Case 2,,,,,,2013.0
USP-S,Serum,Classified,CS:GO Weapon Case 2,,,,,,2013.0
SSG 08,Blood in the Water,Covert,CS:GO Weapon Case 2,,,,,,2013.0
PP-Bizon,Cobalt Halftone,Mil-Spec,Winter Offensive Weapon Case,,,,,,2013.0
M249,Magma,Mil-Spec,Winter Offensive Weapon Case,,,,,,2013.0
Five-SeveN,Kami,Mil-Spec,Winter Offensive Weapon Case,,,,,,2013.0
Galil AR,Sandstorm,Mil-Spec,Winter Offensive Weapon Case,,,,,,2013.0
Nova,Rising Skull,Restricted,Winter Offensive Weapon Case,,,,,,2013.0
MP9,Rose Iron,Restricted,Winter Offensive Weapon Case,,,,,,2013.0
Dual Berettas,Marina,Restricted,Winter Offensive Weapon Case,,,,,,2013.0
FAMAS,Pulse,Restricted,Winter Offensive Weapon Case,,,,,,2013.0
AWP,Redline,Classified,Winter Offensive Weapon Case,,,,,,2013.0
P250,Mehndi,Classified,Winter Offensive Weapon Case,,,,,,2013.0
M4A1-S,Guardian,Classified,Winter Offensive Weapon Case,,,,,,2013.0
Sawed-Off,The Kraken,Covert,Winter Offensive Weapon Case,,,,,,2013.0
M4A4,Asiimov,Covert,Winter Offensive Weapon Case,,,,,,2013.0
Galil AR,Blue Titanium,Mil-Spec,eSports 2013 Winter Case,,,,,,2013.0
Five-SeveN,Nightshade,Mil-Spec,eSports 2013 Winter Case,,,,,,2013.0
PP-Bizon,Water Sigil,Mil-Spec,eSports 2013 Winter Case,,,,,,2013.0
Nova,Ghost Camo,Mil-Spec,eSports 2013 Winter Case,,,,,,2013.0
G3SG1,Azure Zebra,Mil-Spec,eSports 2013 Winter Case,,,,,,2013.0
P250,Steel Disruption,Mil-Spec,eSports 2013 Winter Case,,,,,,2013.0
AK-47,Blue Laminate,Restricted,eSports 2013 Winter Case,,,,,,2013.0
P90,Blind Spot,Restricted,eSports 2013 Winter Case,,,,,,2013.0
FAMAS,Afterimage,Classified,eSports 2013 Winter Case,,,,,,2013.0
AWP,Electric Hive,Classified,eSports 2013 Winter Case,,,,,,2013.0
Desert Eagle,Cobalt Disruption,Classified,eSports 2013 Winter Case,,,,,,2013.0
M4A4,X-Ray,Covert,eSports 2013 Winter Case,,,,,,2013.0
CZ75-Auto,Crimson Web,Mil-Spec,CS:GO Weapon Case 3,,,,,,2014.0
P2000,Red FragCam,Mil-Spec,CS:GO Weapon Case 3,,,,,,2014.0
Dual Berettas,Panther,Mil-Spec,CS:GO Weapon Case 3,,,,,,2014.0
USP-S,Stainless,Mil-Spec,CS:GO Weapon Case 3,,,,,,2014.0
Glock-18,Blue Fissure,Mil-Spec,CS:GO Weapon Case 3,,,,,,2014.0
CZ75-Auto,Tread Plate,Restricted,CS:GO Weapon Case 3,,,,,,2014.0
Tec-9,Titanium Bit,Restricted,CS:GO Weapon Case 3,,,,,,2014.0
Desert Eagle,Heirloom,Restricted,CS:GO Weapon Case 3,,,,,,2014.0
Five-SeveN,Copper Galaxy,Restricted,CS:GO Weapon Case 3,,,,,,2014.0
CZ75-Auto,The Fuschia Is Now,Classified,CS:GO Weapon Case 3,,,,,,2014.0
P250,Undertow,Classified,CS:GO Weapon Case 3,,,,,,2014.0
CZ75-Auto,Victoria,Covert,CS:GO Weapon Case 3,,,,,,2014.0
UMP-45,Corporal,Mil-Spec,Operation Phoenix Weapon Case,,,,,,2014.0
Negev,Terrain,Mil-Spec,Operation Phoenix Weapon Case,,,,,,2014.0
Tec-9,Sandstorm,Mil-Spec,Operation Phoenix Weapon Case,,,,,,2014.0
MAG-7,Heaven Guard,Mil-Spec,Operation Phoenix Weapon Case,,,,,,2014.0
MAC-10,Heat,Restricted,Operation Phoenix Weapon Case,,,,,,2014.0
SG 553,Pulse,Restricted,Operation Phoenix Weapon Case,,,,,,2014.0
FAMAS,Sergeant,Restricted,Operation Phoenix Weapon Case,,,,,,2014.0
USP-S,Guardian,Restricted,Operation Phoenix Weapon Case,,,,,,2014.0
AK-47,Redline,Classified,Operation Phoenix Weapon Case,,,,,,2014.0
P90,Trigon,Classified,Operation Phoenix Weapon Case,,,,,,2014.0
Nova,Antique,Classified,Operation Phoenix Weapon Case,,,,,,2014.0
AWP,Asiimov,Covert,Operation Phoenix Weapon Case,,,,,,2014.0
AUG,Chameleon,Covert,Operation Phoenix Weapon Case,,,,,,2014.0
Tec-9,Isaac,Mil-Spec,Huntsman Weapon Case,,,,,,2014.0
SSG 08,Slashed,Mil-Spec,Huntsman Weapon Case,,,,,,2014.0
Dual Berettas,Retribution **,Mil-Spec,Huntsman Weapon Case,,,,,,2014.0
Galil AR,Kami,Mil-Spec,Huntsman Weapon Case,,,,,,2014.0
P90,Desert Warfare **,Mil-Spec,Huntsman Weapon Case,,,,,,2014.0
CZ75-Auto,Poison Dart **,Mil-Spec,Huntsman Weapon Case,,,,,,2014.0
CZ75-Auto,Twist *,Mil-Spec,Huntsman Weapon Case,,,,,,2014.0
P90,Module *,Mil-Spec,Huntsman Weapon Case,,,,,,2014.0
P2000,Pulse *,Mil-Spec,Huntsman Weapon Case,,,,,,2014.0
AUG,Torque,Restricted,Huntsman Weapon Case,,,,,,2014.0
PP-Bizon,Antique,Restricted,Huntsman Weapon Case,,,,,,2014.0
XM1014,Heaven Guard,Restricted,Huntsman Weapon Case,,,,,,2014.0
MAC-10,Curse **,Restricted,Huntsman Weapon Case,,,,,,2014.0
MAC-10,Tatter *,Restricted,Huntsman Weapon Case,,,,,,2014.0
M4A1-S,Atomic Alloy,Classified,Huntsman Weapon Case,,,,,,2014.0
SCAR-20,Cyrex,Classified,Huntsman Weapon Case,,,,,,2014.0
USP-S,Orion **,Classified,Huntsman Weapon Case,,,,,,2014.0
USP-S,Caiman *,Classified,Huntsman Weapon Case,,,,,,2014.0
AK-47,Vulcan,Covert,Huntsman Weapon Case,,,,,,2014.0
M4A4,Desert-Strike *,Covert,Huntsman Weapon Case,,,,,,2014.0
M4A4,Howl **,Contraband,Huntsman Weapon Case,,,,,,2014.0
MP7,Urban Hazard,Mil-Spec,Operation Breakout Weapon Case,,,,,,2014.0
Negev,Desert-Strike,Mil-Spec,Operation Breakout Weapon Case,,,,,,2014.0
P2000,Ivory,Mil-Spec,Operation Breakout Weapon Case,,,,,,2014.0
SSG 08,Abyss,Mil-Spec,Operation Breakout Weapon Case,,,,,,2014.0
UMP-45,Labyrinth,Mil-Spec,Operation Breakout Weapon Case,,,,,,2014.0
PP-Bizon,Osiris,Restricted,Operation Breakout Weapon Case,,,,,,2014.0
CZ75-Auto,Tigris,Restricted,Operation Breakout Weapon Case,,,,,,2014.0
Nova,Koi,Restricted,Operation Breakout Weapon Case,,,,,,2014.0
P250,Supernova,Restricted,Operation Breakout Weapon Case,,,,,,2014.0
Desert Eagle,Conspiracy,Classified,Operation Breakout Weapon Case,,,,,,2014.0
Five-SeveN,Fowl Play,Classified,Operation Breakout Weapon Case,,,,,,2014.0
Glock-18,Water Elemental,Classified,Operation Breakout Weapon Case,,,,,,2014.0
P90,Asiimov,Covert,Operation Breakout Weapon Case,,,,,,2014.0
M4A1-S,Cyrex,Covert,Operation Breakout Weapon Case,,,,,,2014.0
SSG 08,Dark Water,Mil-Spec,eSports 2014 Summer Case,,,,,,2014.0
MAC-10,Ultraviolet,Mil-Spec,eSports 2014 Summer Case,,,,,,2014.0
USP-S,Blood Tiger,Mil-Spec,eSports 2014 Summer Case,,,,,,2014.0
CZ75-Auto,Hexane,Mil-Spec,eSports 2014 Summer Case,,,,,,2014.0
Negev,Bratatat,Mil-Spec,eSports 2014 Summer Case,,,,,,2014.0
XM1014,Red Python,Mil-Spec,eSports 2014 Summer Case,,,,,,2014.0
PP-Bizon,Blue Streak,Restricted,eSports 2014 Summer Case,,,,,,2014.0
P90,Virus,Restricted,eSports 2014 Summer Case,,,,,,2014.0
MP7,Ocean Foam,Restricted,eSports 2014 Summer Case,,,,,,2014.0
Glock-18,Steel Disruption,Restricted,eSports 2014 Summer Case,,,,,,2014.0
Desert Eagle,Crimson Web,Restricted,eSports 2014 Summer Case,,,,,,2014.0
AUG,Bengal Tiger,Classified,eSports 2014 Summer Case,,,,,,2014.0
Nova,Bloomstick,Classified,eSports 2014 Summer Case,,,,,,2014.0
AWP,Corticera,Classified,eSports 2014 Summer Case,,,,,,2014.0
P2000,Corticera,Classified,eSports 2014 Summer Case,,,,,,2014.0
M4A4,Bullet Rain,Covert,eSports 2014 Summer Case,,,,,,2014.0
AK-47,Jaguar,Covert,eSports 2014 Summer Case,,,,,,2014.0
G3SG1,Murky,Mil-Spec,Operation Vanguard Weapon Case,,,,,,2014.0
MAG-7,Firestarter,Mil-Spec,Operation Vanguard Weapon Case,,,,,,2014.0
MP9,Dart,Mil-Spec,Operation Vanguard Weapon Case,,,,,,2014.0
Five-SeveN,Urban Hazard,Mil-Spec,Operation Vanguard Weapon Case,,,,,,2014.0
UMP-45,Delusion,Mil-Spec,Operation Vanguard Weapon Case,,,,,,2014.0
Glock-18,Grinder,Restricted,Operation Vanguard Weapon Case,,,,,,2014.0
M4A1-S,Basilisk,Restricted,Operation Vanguard Weapon Case,,,,,,2014.0
M4A4,Griffin,Restricted,Operation Vanguard Weapon Case,,,,,,2014.0
Sawed-Off,Highwayman,Restricted,Operation Vanguard Weapon Case,,,,,,2014.0
P250,Cartel,Classified,Operation Vanguard Weapon Case,,,,,,2014.0
SCAR-20,Cardiac,Classified,Operation Vanguard Weapon Case,,,,,,2014.0
XM1014,Tranquility,Classified,Operation Vanguard Weapon Case,,,,,,2014.0
AK-47,Wasteland Rebel,Covert,Operation Vanguard Weapon Case,,,,,,2014.0
P2000,Fire Elemental,Covert,Operation Vanguard Weapon Case,,,,,,2014.0
Glock-18,Catacombs,Mil-Spec,Chroma Case,,,,,,2015.0
M249,System Lock,Mil-Spec,Chroma Case,,,,,,2015.0
MP9,Deadly Poison,Mil-Spec,Chroma Case,,,,,,2015.0
SCAR-20,Grotto,Mil-Spec,Chroma Case,,,,,,2015.0
XM1014,Quicksilver,Mil-Spec,Chroma Case,,,,,,2015.0
Dual Berettas,Urban Shock,Restricted,Chroma Case,,,,,,2015.0
Desert Eagle,Naga,Restricted,Chroma Case,,,,,,2015.0
MAC-10,Malachite,Restricted,Chroma Case,,,,,,2015.0
Sawed-Off,Serenity,Restricted,Chroma Case,,,,,,2015.0
AK-47,Cartel,Classified,Chroma Case,,,,,,2015.0
M4A4,龍王 (Dragon King),Classified,Chroma Case,,,,,,2015.0
P250,Muertos,Classified,Chroma Case,,,,,,2015.0
AWP,Man-o'-war,Covert,Chroma Case,,,,,,2015.0
Galil AR,Chatterbox,Covert,Chroma Case,,,,,,2015.0
AK-47,Elite Build,Mil-Spec,Chroma 2 Case,,,,,,2015.0
MP7,Armor Core,Mil-Spec,Chroma 2 Case,,,,,,2015.0
Desert Eagle,Bronze Deco,Mil-Spec,Chroma 2 Case,,,,,,2015.0
P250,Valence,Mil-Spec,Chroma 2 Case,,,,,,2015.0
Negev,Man-o'-war,Mil-Spec,Chroma 2 Case,,,,,,2015.0
Sawed-Off,Origami,Mil-Spec,Chroma 2 Case,,,,,,2015.0
AWP,Worm God,Restricted,Chroma 2 Case,,,,,,2015.0
MAG-7,Heat,Restricted,Chroma 2 Case,,,,,,2015.0
CZ75-Auto,Pole Position,Restricted,Chroma 2 Case,,,,,,2015.0
UMP-45,Grand Prix,Restricted,Chroma 2 Case,,,,,,2015.0
Five-SeveN,Monkey Business,Classified,Chroma 2 Case,,,,,,2015.0
Galil AR,Eco,Classified,Chroma 2 Case,,,,,,2015.0
FAMAS,Djinn,Classified,Chroma 2 Case,,,,,,2015.0
M4A1-S,Hyper Beast,Covert,Chroma 2 Case,,,,,,2015.0
MAC-10,Neon Rider,Covert,Chroma 2 Case,,,,,,2015.0
Galil AR,Rocket Pop,Mil-Spec,Falchion Case,,,,,,2015.0
Glock-18,Bunsen Burner,Mil-Spec,Falchion Case,,,,,,2015.0
Nova,Ranger,Mil-Spec,Falchion Case,,,,,,2015.0
P90,Elite Build,Mil-Spec,Falchion Case,,,,,,2015.0
UMP-45,Riot,Mil-Spec,Falchion Case,,,,,,2015.0
USP-S,Torque,Mil-Spec,Falchion Case,,,,,,2015.0
FAMAS,Neural Net,Restricted,Falchion Case,,,,,,2015.0
M4A4,Evil Daimyo,Restricted,Falchion Case,,,,,,2015.0
MP9,Ruby Poison Dart,Restricted,Falchion Case,,,,,,2015.0
Negev,Loudmouth,Restricted,Falchion Case,,,,,,2015.0
P2000,Handgun,Restricted,Falchion Case,,,,,,2015.0
CZ75-Auto,Yellow Jacket,Classified,Falchion Case,,,,,,2015.0
MP7,Nemesis,Classified,Falchion Case,,,,,,2015.0
SG 553,Cyrex,Classified,Falchion Case,,,,,,2015.0
AK-47,Aquamarine Revenge,Covert,Falchion Case,,,,,,2015.0
AWP,Hyper Beast,Covert,Falchion Case,,,,,,2015.0
Dual Berettas,Dualing Dragons,Mil-Spec,Shadow Case,,,,,,2015.0
FAMAS,Survivor Z,Mil-Spec,Shadow Case,,,,,,2015.0
Glock-18,Wraiths,Mil-Spec,Shadow Case,,,,,,2015.0
MAC-10,Rangeen,Mil-Spec,Shadow Case,,,,,,2015.0
MAG-7,Cobalt Core,Mil-Spec,Shadow Case,,,,,,2015.0
SCAR-20,Green Marine,Mil-Spec,Shadow Case,,,,,,2015.0
XM1014,Scumbria,Mil-Spec,Shadow Case,,,,,,2015.0
Galil AR,Stone Cold,Restricted,Shadow Case,,,,,,2015.0
M249,Nebula Crusader,Restricted,Shadow Case,,,,,,2015.0
MP7,Special Delivery,Restricted,Shadow Case,,,,,,2015.0
P250,Wingshot,Restricted,Shadow Case,,,,,,2015.0
AK-47,Frontside Misty,Classified,Shadow Case,,,,,,2015.0
G3SG1,Flux,Classified,Shadow Case,,,,,,2015.0
SSG 08,Big Iron,Classified,Shadow Case,,,,,,2015.0
M4A1-S,Golden Coil,Covert,Shadow Case,,,,,,2015.0
USP-S,Kill Confirmed,Covert,Shadow Case,,,,,,2015.0
R8 Revolver,Crimson Web,Mil-Spec,Revolver Case,,,,,,2015.0
AUG,Ricochet,Mil-Spec,Revolver Case,,,,,,2015.0
Desert Eagle,Corinthian,Mil-Spec,Revolver Case,,,,,,2015.0
P2000,Imperial,Mil-Spec,Revolver Case,,,,,,2015.0
Sawed-Off,Yorick,Mil-Spec,Revolver Case,,,,,,2015.0
SCAR-20,Outbreak,Mil-Spec,Revolver Case,,,,,,2015.0
PP-Bizon,Fuel Rod,Restricted,Revolver Case,,,,,,2015.0
Five-SeveN,Retrobution,Restricted,Revolver Case,,,,,,2015.0
Negev,Power Loader,Restricted,Revolver Case,,,,,,2015.0
SG 553,Tiger Moth,Restricted,Revolver Case,,,,,,2015.0
Tec-9,Avalanche,Restricted,Revolver Case,,,,,,2015.0
XM1014,Teclu Burner,Restricted,Revolver Case,,,,,,2015.0
AK-47,Point Disarray,Classified,Revolver Case,,,,,,2015.0
G3SG1,The Executioner,Classified,Revolver Case,,,,,,2015.0
P90,Shapewood,Classified,Revolver Case,,,,,,2015.0
M4A4,Royal Paladin,Covert,Revolver Case,,,,,,2015.0
R8 Revolver,Fade,Covert,Revolver Case,,,,,,2015.0
PP-Bizon,Photic Zone,Mil-Spec,Operation Wildfire Case,,,,,,2016.0
Dual Berettas,Cartel,Mil-Spec,Operation Wildfire Case,,,,,,2016.0
MAC-10,Lapis Gator,Mil-Spec,Operation Wildfire Case,,,,,,2016.0
SSG 08,Necropos,Mil-Spec,Operation Wildfire Case,,,,,,2016.0
Tec-9,Jambiya,Mil-Spec,Operation Wildfire Case,,,,,,2016.0
USP-S,Lead Conduit,Mil-Spec,Operation Wildfire Case,,,,,,2016.0
FAMAS,Valence,Restricted,Operation Wildfire Case,,,,,,2016.0
Five-SeveN,Triumvirate,Restricted,Operation Wildfire Case,,,,,,2016.0
Glock-18,Royal Legion,Restricted,Operation Wildfire Case,,,,,,2016.0
MAG-7,Praetorian,Restricted,Operation Wildfire Case,,,,,,2016.0
MP7,Impire,Restricted,Operation Wildfire Case,,,,,,2016.0
AWP,Elite Build,Classified,Operation Wildfire Case,,,,,,2016.0
Desert Eagle,Kumicho Dragon,Classified,Operation Wildfire Case,,,,,,2016.0
Nova,Hyper Beast,Classified,Operation Wildfire Case,,,,,,2016.0
M4A4,The Battlestar,Covert,Operation Wildfire Case,,,,,,2016.0
AK-47,Fuel Injector,Covert,Operation Wildfire Case,,,,,,2016.0
Dual Berettas,Ventilators,Mil-Spec,Chroma 3 Case,,,,,,2016.0
G3SG1,Orange Crash,Mil-Spec,Chroma 3 Case,,,,,,2016.0
M249,Spectre,Mil-Spec,Chroma 3 Case,,,,,,2016.0
MP9,Bioleak,Mil-Spec,Chroma 3 Case,,,,,,2016.0
P2000,Oceanic,Mil-Spec,Chroma 3 Case,,,,,,2016.0
SG 553,Atlas,Mil-Spec,Chroma 3 Case,,,,,,2016.0
Sawed-Off,Fubar,Mil-Spec,Chroma 3 Case,,,,,,2016.0
Galil AR,Firefight,Restricted,Chroma 3 Case,,,,,,2016.0
CZ75-Auto,Red Astor,Restricted,Chroma 3 Case,,,,,,2016.0
XM1014,Black Tie,Restricted,Chroma 3 Case,,,,,,2016.0
SSG 08,Ghost Crusader,Restricted,Chroma 3 Case,,,,,,2016.0
Tec-9,Re-Entry,Restricted,Chroma 3 Case,,,,,,2016.0
UMP-45,Primal Saber,Classified,Chroma 3 Case,,,,,,2016.0
P250,Asiimov,Classified,Chroma 3 Case,,,,,,2016.0
AUG,Fleet Flock,Classified,Chroma 3 Case,,,,,,2016.0
M4A1-S,Chantico's Fire,Covert,Chroma 3 Case,,,,,,2016.0
PP-Bizon,Judgement of Anubis,Covert,Chroma 3 Case,,,,,,2016.0
Five-SeveN,Violent Daimyo,Mil-Spec,Gamma Case,,,,,,2016.0
MAC-10,Carnivore,Mil-Spec,Gamma Case,,,,,,2016.0
Nova,Exo,Mil-Spec,Gamma Case,,,,,,2016.0
P250,Iron Clad,Mil-Spec,Gamma Case,,,,,,2016.0
PP-Bizon,Harvester,Mil-Spec,Gamma Case,,,,,,2016.0
SG 553,Aerial,Mil-Spec,Gamma Case,,,,,,2016.0
Tec-9,Ice Cap,Mil-Spec,Gamma Case,,,,,,2016.0
AUG,Aristocrat,Restricted,Gamma Case,,,,,,2016.0
AWP,Phobos,Restricted,Gamma Case,,,,,,2016.0
P90,Chopper,Restricted,Gamma Case,,,,,,2016.0
R8 Revolver,Reboot,Restricted,Gamma Case,,,,,,2016.0
Sawed-Off,Limelight,Restricted,Gamma Case,,,,,,2016.0
M4A4,Desolate Space,Classified,Gamma Case,,,,,,2016.0
P2000,Imperial Dragon,Classified,Gamma Case,,,,,,2016.0
SCAR-20,Bloodsport,Classified,Gamma Case,,,,,,2016.0
Glock-18,Wasteland Rebel,Covert,Gamma Case,,,,,,2016.0
M4A1-S,Mecha Industries,Covert,Gamma Case,,,,,,2016.0
XM1014,Slipstream,Mil-Spec,Gamma 2 Case,,,,,,2016.0
UMP-45,Briefing,Mil-Spec,Gamma 2 Case,,,,,,2016.0
P90,Grim,Mil-Spec,Gamma 2 Case,,,,,,2016.0
Negev,Dazzle,Mil-Spec,Gamma 2 Case,,,,,,2016.0
G3SG1,Ventilator,Mil-Spec,Gamma 2 Case,,,,,,2016.0
Five-SeveN,Scumbria,Mil-Spec,Gamma 2 Case,,,,,,2016.0
CZ75-Auto,Imprint,Mil-Spec,Gamma 2 Case,,,,,,2016.0
SG 553,Triarch,Restricted,Gamma 2 Case,,,,,,2016.0
SCAR-20,Powercore,Restricted,Gamma 2 Case,,,,,,2016.0
MAG-7,Petroglyph,Restricted,Gamma 2 Case,,,,,,2016.0
Glock-18,Weasel,Restricted,Gamma 2 Case,,,,,,2016.0
Desert Eagle,Directive,Restricted,Gamma 2 Case,,,,,,2016.0
Tec-9,Fuel Injector,Classified,Gamma 2 Case,,,,,,2016.0
MP9,Airlock,Classified,Gamma 2 Case,,,,,,2016.0
AUG,Syd Mead,Classified,Gamma 2 Case,,,,,,2016.0
AK-47,Neon Revolution,Covert,Gamma 2 Case,,,,,,2016.0
FAMAS,Roll Cage,Covert,Gamma 2 Case,,,,,,2016.0
P2000,Turf,Mil-Spec,Glove Case,,,,,,2016.0
MAG-7,Sonar,Mil-Spec,Glove Case,,,,,,2016.0
MP9,Sand Scale,Mil-Spec,Glove Case,,,,,,2016.0
Galil AR,Black Sand,Mil-Spec,Glove Case,,,,,,2016.0
MP7,Cirrus,Mil-Spec,Glove Case,,,,,,2016.0
Glock-18,Ironwork,Mil-Spec,Glove Case,,,,,,2016.0
CZ75-Auto,Polymer,Mil-Spec,Glove Case,,,,,,2016.0
USP-S,Cyrex,Restricted,Glove Case,,,,,,2016.0
Nova,Gila,Restricted,Glove Case,,,,,,2016.0
M4A1-S,Flashback,Restricted,Glove Case,,,,,,2016.0
G3SG1,Stinger,Restricted,Glove Case,,,,,,2016.0
Dual Berettas,Royal Consorts,Restricted,Glove Case,,,,,,2016.0
Sawed-Off,Wasteland Princess,Classified,Glove Case,,,,,,2016.0
P90,Shallow Grave,Classified,Glove Case,,,,,,2016.0
FAMAS,Mecha Industries,Classified,Glove Case,,,,,,2016.0
M4A4,Buzz Kill,Covert,Glove Case,,,,,,2016.0
SSG 08,Dragonfire,Covert,Glove Case,,,,,,2016.0
PP-Bizon,Jungle Slipstream,Mil-Spec,Spectrum Case,,,,,,2017.0
SCAR-20,Blueprint,Mil-Spec,Spectrum Case,,,,,,2017.0
Desert Eagle,Oxide Blaze,Mil-Spec,Spectrum Case,,,,,,2017.0
Five-SeveN,Capillary,Mil-Spec,Spectrum Case,,,,,,2017.0
MP7,Akoben,Mil-Spec,Spectrum Case,,,,,,2017.0
P250,Ripple,Mil-Spec,Spectrum Case,,,,,,2017.0
Sawed-Off,Zander,Mil-Spec,Spectrum Case,,,,,,2017.0
Galil AR,Crimson Tsunami,Restricted,Spectrum Case,,,,,,2017.0
M249,Emerald Poison Dart,Restricted,Spectrum Case,,,,,,2017.0
MAC-10,Last Dive,Restricted,Spectrum Case,,,,,,2017.0
UMP-45,Scaffold,Restricted,Spectrum Case,,,,,,2017.0
XM1014,Seasons,Restricted,Spectrum Case,,,,,,2017.0
AWP,Fever Dream,Classified,Spectrum Case,,,,,,2017.0
CZ75-Auto,Xiangliu,Classified,Spectrum Case,,,,,,2017.0
M4A1-S,Decimator,Classified,Spectrum Case,,,,,,2017.0
AK-47,Bloodsport,Covert,Spectrum Case,,,,,,2017.0
USP-S,Neo-Noir,Covert,Spectrum Case,,,,,,2017.0
USP-S,Blueprint,Mil-Spec,Operation Hydra Case,,,,,,2017.0
FAMAS,Macabre,Mil-Spec,Operation Hydra Case,,,,,,2017.0
M4A1-S,Briefing,Mil-Spec,Operation Hydra Case,,,,,,2017.0
MAC-10,Aloha,Mil-Spec,Operation Hydra Case,,,,,,2017.0
MAG-7,Hard Water,Mil-Spec,Operation Hydra Case,,,,,,2017.0
Tec-9,Cut Out,Mil-Spec,Operation Hydra Case,,,,,,2017.0
UMP-45,Metal Flowers,Mil-Spec,Operation Hydra Case,,,,,,2017.0
AK-47,Orbit Mk01,Restricted,Operation Hydra Case,,,,,,2017.0
P2000,Woodsman,Restricted,Operation Hydra Case,,,,,,2017.0
P250,Red Rock,Restricted,Operation Hydra Case,,,,,,2017.0
P90,Death Grip,Restricted,Operation Hydra Case,,,,,,2017.0
SSG 08,Death's Head,Restricted,Operation Hydra Case,,,,,,2017.0
Dual Berettas,Cobra Strike,Classified,Operation Hydra Case,,,,,,2017.0
Galil AR,Sugar Rush,Classified,Operation Hydra Case,,,,,,2017.0
M4A4,Hellfire,Classified,Operation Hydra Case,,,,,,2017.0
Five-SeveN,Hyper Beast,Covert,Operation Hydra Case,,,,,,2017.0
AWP,Oni Taiji,Covert,Operation Hydra Case,,,,,,2017.0
MAC-10,Oceanic,Mil-Spec,Spectrum 2 Case,,,,,,2017.0
Sawed-Off,Morris,Mil-Spec,Spectrum 2 Case,,,,,,2017.0
SCAR-20,Jungle Slipstream,Mil-Spec,Spectrum 2 Case,,,,,,2017.0
Five-SeveN,Capillary,Mil-Spec,Spectrum 2 Case,,,,,,2017.0
AUG,Triqua,Mil-Spec,Spectrum 2 Case,,,,,,2017.0
G3SG1,Hunter,Mil-Spec,Spectrum 2 Case,,,,,,2017.0
Tec-9,Cracked Opal,Mil-Spec,Spectrum 2 Case,,,,,,2017.0
Glock-18,Off World,Mil-Spec,Spectrum 2 Case,,,,,,2017.0
MP9,Goo,Restricted,Spectrum 2 Case,,,,,,2017.0
SG 553,Phantom,Restricted,Spectrum 2 Case,,,,,,2017.0
XM1014,Ziggy,Restricted,Spectrum 2 Case,,,,,,2017.0
UMP-45,Exposure,Restricted,Spectrum 2 Case,,,,,,2017.0
CZ75-Auto,Tacticat,Restricted,Spectrum 2 Case,,,,,,2017.0
PP-Bizon,High Roller,Classified,Spectrum 2 Case,,,,,,2017.0
R8 Revolver,Llama Cannon,Classified,Spectrum 2 Case,,,,,,2017.0
M4A1-S,Leaded Glass,Classified,Spectrum 2 Case,,,,,,2017.0
AK-47,The Empress,Covert,Spectrum 2 Case,,,,,,2017.0
P250,See Ya Later,Covert,Spectrum 2 Case,,,,,,2017.0
SG 553,Aloha,Mil-Spec,Clutch Case,,,,,,2018.0
MP9,Black Sand,Mil-Spec,Clutch Case,,,,,,2018.0
XM1014,Oxide Blaze,Mil-Spec,Clutch Case,,,,,,2018.0
P2000,Urban Hazard,Mil-Spec,Clutch Case,,,,,,2018.0
R8 Revolver,Grip,Mil-Spec,Clutch Case,,,,,,2018.0
Five-SeveN,Flame Test,Mil-Spec,Clutch Case,,,,,,2018.0
PP-Bizon,Night Riot,Mil-Spec,Clutch Case,,,,,,2018.0
Nova,Wild Six,Restricted,Clutch Case,,,,,,2018.0
Negev,Lionfish,Restricted,Clutch Case,,,,,,2018.0
MAG-7,SWAG-7,Restricted,Clutch Case,,,,,,2018.0
UMP-45,Arctic Wolf,Restricted,Clutch Case,,,,,,2018.0
Glock-18,Moonrise,Restricted,Clutch Case,,,,,,2018.0
USP-S,Cortex,Classified,Clutch Case,,,,,,2018.0
AUG,Stymphalian,Classified,Clutch Case,,,,,,2018.0
AWP,Mortis,Classified,Clutch Case,,,,,,2018.0
MP7,Bloodsport,Covert,Clutch Case,,,,,,2018.0
M4A4,Neo-Noir,Covert,Clutch Case,,,,,,2018.0
Dual Berettas,Shred,Mil-Spec,Horizon Case,,,,,,2018.0
R8 Revolver,Survivalist,Mil-Spec,Horizon Case,,,,,,2018.0
MP9,Capillary,Mil-Spec,Horizon Case,,,,,,2018.0
AUG,Amber Slipstream,Mil-Spec,Horizon Case,,,,,,2018.0
Tec-9,Snek-9,Mil-Spec,Horizon Case,,,,,,2018.0
P90,Traction,Mil-Spec,Horizon Case,,,,,,2018.0
Glock-18,Warhawk,Mil-Spec,Horizon Case,,,,,,2018.0
Nova,Toy Soldier,Restricted,Horizon Case,,,,,,2018.0
G3SG1,High Seas,Restricted,Horizon Case,,,,,,2018.0
MP7,Powercore,Restricted,Horizon Case,,,,,,2018.0
CZ75-Auto,Eco,Restricted,Horizon Case,,,,,,2018.0
AWP,PAW,Restricted,Horizon Case,,,,,,2018.0
FAMAS,Eye of Athena,Classified,Horizon Case,,,,,,2018.0
Sawed-Off,Devourer,Classified,Horizon Case,,,,,,2018.0
M4A1-S,Nightmare,Classified,Horizon Case,,,,,,2018.0
Desert Eagle,Code Red,Covert,Horizon Case,,,,,,2018.0
AK-47,Neon Rider,Covert,Horizon Case,,,,,,2018.0
MP9,Modest Threat,Mil-Spec,Danger Zone Case,,,,,,2018.0
Glock-18,Oxide Blaze,Mil-Spec,Danger Zone Case,,,,,,2018.0
Nova,Wood Fired,Mil-Spec,Danger Zone Case,,,,,,2018.0
M4A4,Magnesium,Mil-Spec,Danger Zone Case,,,,,,2018.0
Sawed-Off,Black Sand,Mil-Spec,Danger Zone Case,,,,,,2018.0
SG 553,Danger Close,Mil-Spec,Danger Zone Case,,,,,,2018.0
Tec-9,Fubar,Mil-Spec,Danger Zone Case,,,,,,2018.0
G3SG1,Scavenger,Restricted,Danger Zone Case,,,,,,2018.0
Galil AR,Signal,Restricted,Danger Zone Case,,,,,,2018.0
MAC-10,Pipe Down,Restricted,Danger Zone Case,,,,,,2018.0
P250,Nevermore,Restricted,Danger Zone Case,,,,,,2018.0
USP-S,Flashback,Restricted,Danger Zone Case,,,,,,2018.0
UMP-45,Momentum,Classified,Danger Zone Case,,,,,,2018.0
Desert Eagle,Mecha Industries,Classified,Danger Zone Case,,,,,,2018.0
MP5-SD,Phosphor,Classified,Danger Zone Case,,,,,,2018.0
AK-47,Asiimov,Covert,Danger Zone Case,,,,,,2018.0
AWP,Neo-Noir,Covert,Danger Zone Case,,,,,,2018.0
FAMAS,Crypsis,Mil-Spec,Prisma Case,,,,,,2019.0
AK-47,Uncharted,Mil-Spec,Prisma Case,,,,,,2019.0
MAC-10,Whitefish,Mil-Spec,Prisma Case,,,,,,2019.0
Galil AR,Akoben,Mil-Spec,Prisma Case,,,,,,2019.0
MP7,Mischief,Mil-Spec,Prisma Case,,,,,,2019.0
P250,Verdigris,Mil-Spec,Prisma Case,,,,,,2019.0
P90,Off World,Mil-Spec,Prisma Case,,,,,,2019.0
AWP,Atheris,Restricted,Prisma Case,,,,,,2019.0
Tec-9,Bamboozle,Restricted,Prisma Case,,,,,,2019.0
Desert Eagle,Light Rail,Restricted,Prisma Case,,,,,,2019.0
MP5-SD,Gauss,Restricted,Prisma Case,,,,,,2019.0
UMP-45,Moonrise,Restricted,Prisma Case,,,,,,2019.0
R8 Revolver,Skull Crusher,Classified,Prisma Case,,,,,,2019.0
AUG,Momentum,Classified,Prisma Case,,,,,,2019.0
XM1014,Incinegator,Classified,Prisma Case,,,,,,2019.0
Five-SeveN,Angry Mob,Covert,Prisma Case,,,,,,2019.0
M4A4,The Emperor,Covert,Prisma Case,,,,,,2019.0
Tec-9,Flash Out,Mil-Spec,CS20 Case,,,,,,2019.0
SCAR-20,Assault,Mil-Spec,CS20 Case,,,,,,2019.0
Dual Berettas,Elite 1.6,Mil-Spec,CS20 Case,,,,,,2019.0
MAG-7,Popdog,Mil-Spec,CS20 Case,,,,,,2019.0
MAC-10,Classic Crate,Mil-Spec,CS20 Case,,,,,,2019.0
FAMAS,Decommissioned,Mil-Spec,CS20 Case,,,,,,2019.0
Glock-18,Sacrifice,Mil-Spec,CS20 Case,,,,,,2019.0
M249,Aztec,Restricted,CS20 Case,,,,,,2019.0
Five-SeveN,Buddy,Restricted,CS20 Case,,,,,,2019.0
UMP-45,Plastique,Restricted,CS20 Case,,,,,,2019.0
P250,Inferno,Restricted,CS20 Case,,,,,,2019.0
MP5-SD,Agent,Restricted,CS20 Case,,,,,,2019.0
P90,Nostalgia,Classified,CS20 Case,,,,,,2019.0
AUG,Death by Puppy,Classified,CS20 Case,,,,,,2019.0
MP9,Hydra,Classified,CS20 Case,,,,,,2019.0
FAMAS,Commemoration,Covert,CS20 Case,,,,,,2019.0
AWP,Wildfire,Covert,CS20 Case,,,,,,2019.0
Nova,Plume,Mil-Spec,Shattered Web Case,,,,,,2019.0
G3SG1,Black Sand,Mil-Spec,Shattered Web Case,,,,,,2019.0
R8 Revolver,Memento,Mil-Spec,Shattered Web Case,,,,,,2019.0
M249,Warbird,Mil-Spec,Shattered Web Case,,,,,,2019.0
SCAR-20,Torn,Mil-Spec,Shattered Web Case,,,,,,2019.0
MP5-SD,Acid Wash,Mil-Spec,Shattered Web Case,,,,,,2019.0
Dual Berettas,Balance,Mil-Spec,Shattered Web Case,,,,,,2019.0
PP-Bizon,Embargo,Restricted,Shattered Web Case,,,,,,2019.0
P2000,Obsidian,Restricted,Shattered Web Case,,,,,,2019.0
MP7,Neon Ply,Restricted,Shattered Web Case,,,,,,2019.0
AUG,Arctic Wolf,Restricted,Shattered Web Case,,,,,,2019.0
AK-47,Rat Rod,Restricted,Shattered Web Case,,,,,,2019.0
Tec-9,Decimator,Classified,Shattered Web Case,,,,,,2019.0
SSG 08,Bloodshot,Classified,Shattered Web Case,,,,,,2019.0
SG 553,Colony IV,Classified,Shattered Web Case,,,,,,2019.0
MAC-10,Stalker,Covert,Shattered Web Case,,,,,,2019.0
AWP,Containment Breach,Covert,Shattered Web Case,,,,,,2019.0
CZ75-Auto,Distressed,Mil-Spec,Prisma 2 Case,,,,,,2020.0
Negev,Prototype,Mil-Spec,Prisma 2 Case,,,,,,2020.0
R8 Revolver,Bone Forged,Mil-Spec,Prisma 2 Case,,,,,,2020.0
MP5-SD,Desert Strike,Mil-Spec,Prisma 2 Case,,,,,,2020.0
AUG,Tom Cat,Mil-Spec,Prisma 2 Case,,,,,,2020.0
Desert Eagle,Blue Ply,Mil-Spec,Prisma 2 Case,,,,,,2020.0
AWP,Capillary,Mil-Spec,Prisma 2 Case,,,,,,2020.0
P2000,Acid Etched,Restricted,Prisma 2 Case,,,,,,2020.0
SCAR-20,Enforcer,Restricted,Prisma 2 Case,,,,,,2020.0
Sawed-Off,Apocalypto,Restricted,Prisma 2 Case,,,,,,2020.0
SG 553,Darkwing,Restricted,Prisma 2 Case,,,,,,2020.0
SSG 08,Fever Dream,Restricted,Prisma 2 Case,,,,,,2020.0
MAG-7,Justice,Classified,Prisma 2 Case,,,,,,2020.0
MAC-10,Disco Tech,Classified,Prisma 2 Case,,,,,,2020.0
AK-47,Phantom Disruptor,Classified,Prisma 2 Case,,,,,,2020.0
M4A1-S,Player Two,Covert,Prisma 2 Case,,,,,,2020.0
Glock-18,Bullet Queen,Covert,Prisma 2 Case,,,,,,2020.0
SG 553,Ol' Rusty,Mil-Spec,Fracture Case,,,,,,2020.0
Negev,Ultralight,Mil-Spec,Fracture Case,,,,,,2020.0
P2000,Gnarled,Mil-Spec,Fracture Case,,,,,,2020.0
P250,Cassette,Mil-Spec,Fracture Case,,,,,,2020.0
P90,Freight,Mil-Spec,Fracture Case,,,,,,2020.0
PP-Bizon,Runic,Mil-Spec,Fracture Case,,,,,,2020.0
SSG 08,Mainframe 001,Mil-Spec,Fracture Case,,,,,,2020.0
MAG-7,Monster Call,Restricted,Fracture Case,,,,,,2020.0
Tec-9,Brother,Restricted,Fracture Case,,,,,,2020.0
Galil AR,Connexion,Restricted,Fracture Case,,,,,,2020.0
MP5-SD,Kitbash,Restricted,Fracture Case,,,,,,2020.0
MAC-10,Allure,Restricted,Fracture Case,,,,,,2020.0
XM1014,Entombed,Classified,Fracture Case,,,,,,2020.0
Glock-18,Vogue,Classified,Fracture Case,,,,,,2020.0
M4A4,Tooth Fairy,Classified,Fracture Case,,,,,,2020.0
AK-47,Legion of Anubis,Covert,Fracture Case,,,,,,2020.0
Desert Eagle,Printstream,Covert,Fracture Case,,,,,,2020.0
G3SG1,Digital Mesh,Mil-Spec,Broken Fang Case,,,,,,2020.0
M249,Deep Relief,Mil-Spec,Broken Fang Case,,,,,,2020.0
P250,Contaminant,Mil-Spec,Broken Fang Case,,,,,,2020.0
CZ75-Auto,Vendetta,Mil-Spec,Broken Fang Case,,,,,,2020.0
P90,Cocoa Rampage,Mil-Spec,Broken Fang Case,,,,,,2020.0
Galil AR,Vandal,Mil-Spec,Broken Fang Case,,,,,,2020.0
MP5-SD,Condition Zero,Mil-Spec,Broken Fang Case,,,,,,2020.0
UMP-45,Gold Bismuth,Restricted,Broken Fang Case,,,,,,2020.0
Dual Berettas,Dezastre,Restricted,Broken Fang Case,,,,,,2020.0
Nova,Clear Polymer,Restricted,Broken Fang Case,,,,,,2020.0
SSG 08,Parallax,Restricted,Broken Fang Case,,,,,,2020.0
AWP,Exoskeleton,Restricted,Broken Fang Case,,,,,,2020.0
Five-SeveN,Fairy Tale,Classified,Broken Fang Case,,,,,,2020.0
USP-S,Monster Mashup,Classified,Broken Fang Case,,,,,,2020.0
M4A4,Cyber Security,Classified,Broken Fang Case,,,,,,2020.0
Glock-18,Neo-Noir,Covert,Broken Fang Case,,,,,,2020.0
M4A1-S,Printstream,Covert,Broken Fang Case,,,,,,2020.0
UMP-45,Oscillator,Mil-Spec,Snakebite Case,,,,,,2021.0
Nova,Windblown,Mil-Spec,Snakebite Case,,,,,,2021.0
M249,O.S.I.P.R.,Mil-Spec,Snakebite Case,,,,,,2021.0
CZ75-Auto,Circaetus,Mil-Spec,Snakebite Case,,,,,,2021.0
R8 Revolver,Junk Yard,Mil-Spec,Snakebite Case,,,,,,2021.0
SG 553,Heavy Metal,Mil-Spec,Snakebite Case,,,,,,2021.0
Glock-18,Clear Polymer,Mil-Spec,Snakebite Case,,,,,,2021.0
Negev,dev_texture,Restricted,Snakebite Case,,,,,,2021.0
MAC-10,Button Masher,Restricted,Snakebite Case,,,,,,2021.0
P250,Cyber Shell,Restricted,Snakebite Case,,,,,,2021.0
Desert Eagle,Trigger Discipline,Restricted,Snakebite Case,,,,,,2021.0
AK-47,Slate,Restricted,Snakebite Case,,,,,,2021.0
XM1014,XOXO,Classified,Snakebite Case,,,,,,2021.0
Galil AR,Chromatic Aberration,Classified,Snakebite Case,,,,,,2021.0
MP9,Food Chain,Classified,Snakebite Case,,,,,,2021.0
M4A4,In Living Color,Covert,Snakebite Case,,,,,,2021.0
USP-S,The Traitor,Covert,Snakebite Case,,,,,,2021.0
AUG,Plague,Mil-Spec,Operation Riptide Case,,,,,,2021.0
Dual Berettas,Tread,Mil-Spec,Operation Riptide Case,,,,,,2021.0
G3SG1,Keeping Tabs,Mil-Spec,Operation Riptide Case,,,,,,2021.0
MP7,Guerrilla,Mil-Spec,Operation Riptide Case,,,,,,2021.0
PP-Bizon,Lumen,Mil-Spec,Operation Riptide Case,,,,,,2021.0
USP-S,Black Lotus,Mil-Spec,Operation Riptide Case,,,,,,2021.0
XM1014,Watchdog,Mil-Spec,Operation Riptide Case,,,,,,2021.0
MAG-7,BI83 Spectrum,Restricted,Operation Riptide Case,,,,,,2021.0
FAMAS,ZX Spectron,Restricted,Operation Riptide Case,,,,,,2021.0
Five-SeveN,Boost Protocol,Restricted,Operation Riptide Case,,,,,,2021.0
MP9,Mount Fuji,Restricted,Operation Riptide Case,,,,,,2021.0
M4A4,Spider Lily,Restricted,Operation Riptide Case,,,,,,2021.0
MAC-10,Toybox,Classified,Operation Riptide Case,,,,,,2021.0
Glock-18,Snack Attack,Classified,Operation Riptide Case,,,,,,2021.0
SSG 08,Turbo Peek,Classified,Operation Riptide Case,,,,,,2021.0
AK-47,Leet Museo,Covert,Operation Riptide Case,,,,,,2021.0
Desert Eagle,Ocean Drive,Covert,Operation Riptide Case,,,,,,2021.0
Five-SeveN,Scrawl,Mil-Spec,Dreams & Nightmares Case,,,,,,2021.0
MAC-10,Ensnared,Mil-Spec,Dreams & Nightmares Case,,,,,,2021.0
MAG-7,Foresight,Mil-Spec,Dreams & Nightmares Case,,,,,,2021.0
MP5-SD,Necro Jr.,Mil-Spec,Dreams & Nightmares Case,,,,,,2021.0
P2000,Lifted Spirits,Mil-Spec,Dreams & Nightmares Case,,,,,,2021.0
SCAR-20,Poultrygeist,Mil-Spec,Dreams & Nightmares Case,,,,,,2021.0
Sawed-Off,Spirit Board,Mil-Spec,Dreams & Nightmares Case,,,,,,2021.0
PP-Bizon,Space Cat,Restricted,Dreams & Nightmares Case,,,,,,2021.0
G3SG1,Dream Glade,Restricted,Dreams & Nightmares Case,,,,,,2021.0
M4A1-S,Night Terror,Restricted,Dreams & Nightmares Case,,,,,,2021.0
XM1014,Zombie Offensive,Restricted,Dreams & Nightmares Case,,,,,,2021.0
USP-S,Ticket to Hell,Restricted,Dreams & Nightmares Case,,,,,,2021.0
Dual Berettas,Melondrama,Classified,Dreams & Nightmares Case,,,,,,2021.0
FAMAS,Rapid Eye Movement,Classified,Dreams & Nightmares Case,,,,,,2021.0
MP7,Abyssal Apparition,Classified,Dreams & Nightmares Case,,,,,,2021.0
AK-47,Nightwish,Covert,Dreams & Nightmares Case,,,,,,2021.0
MP9,Starlight Protector,Covert,Dreams & Nightmares Case,,,,,,2021.0
Negev,Drop Me,Mil-Spec,Recoil Case,,,,,,2022.0
Galil AR,Destroyer,Mil-Spec,Recoil Case,,,,,,2022.0
UMP-45,Roadblock,Mil-Spec,Recoil Case,,,,,,2022.0
MAC-10,Monkeyflage,Mil-Spec,Recoil Case,,,,,,2022.0
FAMAS,Meow 36,Mil-Spec,Recoil Case,,,,,,2022.0
Glock-18,Winterized,Mil-Spec,Recoil Case,,,,,,2022.0
M4A4,Poly Mag,Mil-Spec,Recoil Case,,,,,,2022.0
M249,Downtown,Restricted,Recoil Case,,,,,,2022.0
P90,Vent Rush,Restricted,Recoil Case,,,,,,2022.0
Dual Berettas,Flora Carnivora,Restricted,Recoil Case,,,,,,2022.0
SG 553,Dragon Tech,Restricted,Recoil Case,,,,,,2022.0
R8 Revolver,Crazy 8,Restricted,Recoil Case,,,,,,2022.0
P250,Visions,Classified,Recoil Case,,,,,,2022.0
Sawed-Off,Kiss♥Love,Classified,Recoil Case,,,,,,2022.0
AK-47,Ice Coaled,Classified,Recoil Case,,,,,,2022.0
AWP,Chromatic Aberration,Covert,Recoil Case,,,,,,2022.0
USP-S,Printstream,Covert,Recoil Case,,,,,,2022.0
MP9,Featherweight,Mil-Spec,Revolution Case,,,,,,2023.0
MAG-7,Insomnia,Mil-Spec,Revolution Case,,,,,,2023.0
SCAR-20,Fragments,Mil-Spec,Revolution Case,,,,,,2023.0
P250,Re.built,Mil-Spec,Revolution Case,,,,,,2023.0
MP5-SD,Liquidation,Mil-Spec,Revolution Case,,,,,,2023.0
SG 553,Cyberforce,Mil-Spec,Revolution Case,,,,,,2023.0
Tec-9,Rebel,Mil-Spec,Revolution Case,,,,,,2023.0
M4A1-S,Emphorosaur-S,Restricted,Revolution Case,,,,,,2023.0
Glock-18,Umbral Rabbit,Restricted,Revolution Case,,,,,,2023.0
MAC-10,Sakkaku,Restricted,Revolution Case,,,,,,2023.0
R8 Revolver,Banana Cannon,Restricted,Revolution Case,,,,,,2023.0
P90,Neoqueen,Restricted,Revolution Case,,,,,,2023.0
AWP,Duality,Classified,Revolution Case,,,,,,2023.0
UMP-45,Wild Child,Classified,Revolution Case,,,,,,2023.0
P2000,Wicked Sick,Classified,Revolution Case,,,,,,2023.0
AK-47,Head Shot,Covert,Revolution Case,,,,,,2023.0
M4A4,Temukau,Covert,Revolution Case,,,,,,2023.0
