Weapon type,Skin,Quality,Collection
R8 Revolver,Inlay,Consumer Grade,Anubis Collection
M249,Submerged,Consumer Grade,Anubis Collection
XM1014,Hieroglyph,Consumer Grade,Anubis Collection
MP7,Sunbaked,Consumer Grade,Anubis Collection
AUG,Snake Pit,Consumer Grade,Anubis Collection
M4A1-S,Mud-Spec,Industrial Grade,Anubis Collection
SSG 08,Azure Glyph,Industrial Grade,Anubis Collection
USP-S,Desert Tactical,Industrial Grade,Anubis Collection
MAC-10,Echoing Sands,Industrial Grade,Anubis Collection
Tec-9,Mummy's Rot,Mil-Spec,Anubis Collection
AK-47,Steel Delta,Mil-Spec,Anubis Collection
AWP,Black Nile,Mil-Spec,Anubis Collection
MAG-7,Copper Coated,Mil-Spec,Anubis Collection
Glock-18,Ramese's Reach,Restricted,Anubis Collection
Nova,Sobek's Bite,Restricted,Anubis Collection
P90,ScaraB Rush,Restricted,Anubis Collection
FAMAS,Waters of Nephthys,Classified,Anubis Collection
P250,Apep's Curse,Classified,Anubis Collection
M4A4,Eye of Horus,Covert,Anubis Collection
Nova,Army Sheen,Consumer Grade,Ancient Collection
SG 553,Lush Ruins,Consumer Grade,Ancient Collection
P90,Ancient Earth,Consumer Grade,Ancient Collection
SSG 08,Jungle Dashed,Consumer Grade,Ancient Collection
R8 Revolver,Night,Consumer Grade,Ancient Collection
MP7,Tall Grass,Industrial Grade,Ancient Collection
P2000,Panther Camo,Industrial Grade,Ancient Collection
G3SG1,Ancient Ritual,Industrial Grade,Ancient Collection
CZ75-Auto,Silver,Industrial Grade,Ancient Collection
FAMAS,Dark Water,Mil-Spec,Ancient Collection
Galil AR,Dusk Ruins,Mil-Spec,Ancient Collection
AUG,Carved Jade,Mil-Spec,Ancient Collection
Tec-9,Blast From the Past,Mil-Spec,Ancient Collection
XM1014,Ancient Lore,Restricted,Ancient Collection
MAC-10,Gold Brick,Restricted,Ancient Collection
USP-S,Ancient Visions,Restricted,Ancient Collection
P90,Run and Hide,Classified,Ancient Collection
AK-47,Panthera onca,Classified,Ancient Collection
M4A1-S,Welcome to the Jungle,Covert,Ancient Collection
SG 553,Tornado,Consumer Grade,Assault Collection
UMP-45,Caramel,Consumer Grade,Assault Collection
Five-SeveN,Candy Apple*,Industrial Grade,Assault Collection
AUG,Hot Rod,Mil-Spec,Assault Collection
Negev,Anodized Navy,Mil-Spec,Assault Collection
MP9,Bulldozer,Restricted,Assault Collection
Glock-18,Fade,Restricted,Assault Collection
Nova,Forest Leaves,Consumer Grade,Aztec Collection
Five-SeveN,Jungle,Consumer Grade,Aztec Collection
SSG 08,Lichen Dashed,Consumer Grade,Aztec Collection
AK-47,Jungle Spray,Industrial Grade,Aztec Collection
M4A4,Jungle Tiger,Industrial Grade,Aztec Collection
Tec-9,Ossified,Mil-Spec,Aztec Collection
G3SG1,Contractor,Consumer Grade,Baggage Collection
MP7,Olive Plaid,Consumer Grade,Baggage Collection
CZ75-Auto,Green Plaid,Consumer Grade,Baggage Collection
MP9,Green Plaid,Consumer Grade,Baggage Collection
SSG 08,Sand Dune,Consumer Grade,Baggage Collection
SG 553,Traveler,Industrial Grade,Baggage Collection
P90,Leather,Industrial Grade,Baggage Collection
MAC-10,Commuter,Industrial Grade,Baggage Collection
P2000,Coach Class,Industrial Grade,Baggage Collection
Sawed-Off,First Class,Mil-Spec,Baggage Collection
USP-S,Business Class,Mil-Spec,Baggage Collection
XM1014,Red Leather,Mil-Spec,Baggage Collection
AK-47,First Class,Restricted,Baggage Collection
Desert Eagle,Pilot,Restricted,Baggage Collection
AK-47,Jet Set,Classified,Baggage Collection
Tec-9,Urban DDPAT,Consumer Grade,Bank Collection
SG 553,Army Sheen,Consumer Grade,Bank Collection
Sawed-Off,Forest DDPAT,Consumer Grade,Bank Collection
Negev,Army Sheen,Consumer Grade,Bank Collection
MP7,Forest DDPAT,Consumer Grade,Bank Collection
R8 Revolver,Bone Mask*,Consumer Grade,Bank Collection
UMP-45,Carbon Fiber,Industrial Grade,Bank Collection
Nova,Caged Steel,Industrial Grade,Bank Collection
MAC-10,Silver,Industrial Grade,Bank Collection
Glock-18,Death Rattle,Industrial Grade,Bank Collection
G3SG1,Green Apple,Industrial Grade,Bank Collection
Galil AR,Tuxedo,Mil-Spec,Bank Collection
Desert Eagle,Meteorite,Mil-Spec,Bank Collection
CZ75-Auto,Tuxedo,Mil-Spec,Bank Collection
AK-47,Emerald Pinstripe,Restricted,Bank Collection
P250,Franklin,Classified,Bank Collection
MP5-SD,Lab Rats,Restricted,Blacksite Collection
Negev,Nuclear Waste,Industrial Grade,Cache Collection
P250,Contamination,Industrial Grade,Cache Collection
AUG,Radiation Hazard,Industrial Grade,Cache Collection
PP-Bizon,Chemical Green,Industrial Grade,Cache Collection
SG 553,Fallout Warning,Industrial Grade,Cache Collection
Five-SeveN,Hot Shot,Industrial Grade,Cache Collection
Glock-18,Reactor,Mil-Spec,Cache Collection
MP9,Setting Sun,Mil-Spec,Cache Collection
XM1014,Bone Machine,Mil-Spec,Cache Collection
MAC-10,Nuclear Garden,Mil-Spec,Cache Collection
Tec-9,Toxic,Mil-Spec,Cache Collection
FAMAS,Styx,Restricted,Cache Collection
Galil AR,Cerberus,Restricted,Cache Collection
CZ75-Auto,Indigo,Consumer Grade,Canals Collection
AUG,Navy Murano,Consumer Grade,Canals Collection
R8 Revolver,Canal Spray,Consumer Grade,Canals Collection
Negev,Boroque Sand,Consumer Grade,Canals Collection
SCAR-20,Stone Mosaico,Consumer Grade,Canals Collection
AK-47,Baroque Purple,Industrial Grade,Canals Collection
SG 553,Candy Apple,Industrial Grade,Canals Collection
Tec-9,Orange Murano,Industrial Grade,Canals Collection
P250,Dark Filigree,Industrial Grade,Canals Collection
Dual Berettas,Emerald,Mil-Spec,Canals Collection
P90,Baroque Red,Mil-Spec,Canals Collection
SSG 08,Orange Filigree,Mil-Spec,Canals Collection
G3SG1,Violet Murano,Mil-Spec,Canals Collection
MAC-10,Red Filigree,Restricted,Canals Collection
Nova,Baroque Orange,Restricted,Canals Collection
MP9,Stained Glass,Restricted,Canals Collection
MAG-7,Cinquedea,Restricted,Canals Collection
AWP,The Prince,Covert,Canals Collection
P90,Storm,Consumer Grade,Cobblestone Collection
UMP-45,Indigo,Consumer Grade,Cobblestone Collection
MAC-10,Indigo,Consumer Grade,Cobblestone Collection
SCAR-20,Storm,Consumer Grade,Cobblestone Collection
Dual Berettas,Briar,Consumer Grade,Cobblestone Collection
USP-S,Royal Blue,Industrial Grade,Cobblestone Collection
Nova,Green Apple,Industrial Grade,Cobblestone Collection
MAG-7,Silver,Industrial Grade,Cobblestone Collection
Sawed-Off,Rust Coat,Industrial Grade,Cobblestone Collection
P2000,Chainmail,Mil-Spec,Cobblestone Collection
MP9,Dark Age,Mil-Spec,Cobblestone Collection
Desert Eagle,Hand Cannon,Restricted,Cobblestone Collection
CZ75-Auto,Chalice,Restricted,Cobblestone Collection
M4A1-S,Knight,Classified,Cobblestone Collection
AWP,Dragon Lore,Covert,Cobblestone Collection
M4A4,Desert Storm,Industrial Grade,Dust Collection
SCAR-20,Palm,Industrial Grade,Dust Collection
AK-47,Predator,Industrial Grade,Dust Collection
AWP,Snake Camo,Mil-Spec,Dust Collection
AUG,Copperhead,Mil-Spec,Dust Collection
Sawed-Off,Copper,Mil-Spec,Dust Collection
Desert Eagle,Blaze,Restricted,Dust Collection
P2000,Scorpion,Restricted,Dust Collection
Glock-18,Brass,Restricted,Dust Collection
Nova,Predator,Consumer Grade,Dust II Collection
MP9,Sand Dashed,Consumer Grade,Dust II Collection
P90,Sand Spray,Consumer Grade,Dust II Collection
SCAR-20,Sand Mesh,Consumer Grade,Dust II Collection
P250,Sand Dune,Consumer Grade,Dust II Collection
G3SG1,Desert Storm,Consumer Grade,Dust II Collection
Tec-9,VariCamo,Industrial Grade,Dust II Collection
MAC-10,Palm,Industrial Grade,Dust II Collection
Five-SeveN,Orange Peel,Industrial Grade,Dust II Collection
AK-47,Safari Mesh,Industrial Grade,Dust II Collection
Sawed-Off,Snake Camo,Industrial Grade,Dust II Collection
M4A1-S,VariCamo,Mil-Spec,Dust II Collection
PP-Bizon,Brass,Mil-Spec,Dust II Collection
SG 553,Damascus Steel,Mil-Spec,Dust II Collection
P2000,Amber Fade,Restricted,Dust II Collection
R8 Revolver,Amber Fade*,Classified,Dust II Collection
MAG-7,Sand Dune,Consumer Grade,Inferno Collection
Nova,Walnut,Consumer Grade,Inferno Collection
P250,Gunsmoke,Industrial Grade,Inferno Collection
M4A4,Tornado,Industrial Grade,Inferno Collection
Dual Berettas,Anodized Navy,Mil-Spec,Inferno Collection
Tec-9,Brass,Mil-Spec,Inferno Collection
PP-Bizon,Sand Dashed,Consumer Grade,Italy Collection
Nova,Sand Dune,Consumer Grade,Italy Collection
FAMAS,Colony,Consumer Grade,Italy Collection
AUG,Contractor,Consumer Grade,Italy Collection
Tec-9,Groundwater,Consumer Grade,Italy Collection
Nova,Candy Apple,Industrial Grade,Italy Collection
Dual Berettas,Stained,Industrial Grade,Italy Collection
P2000,Granite Marbleized,Industrial Grade,Italy Collection
UMP-45,Gunsmoke,Industrial Grade,Italy Collection
M4A1-S,Boreal Forest,Industrial Grade,Italy Collection
XM1014,CaliCamo,Industrial Grade,Italy Collection
MP7,Anodized Navy,Mil-Spec,Italy Collection
Glock-18,Candy Apple,Mil-Spec,Italy Collection
Sawed-Off,Full Stop,Mil-Spec,Italy Collection
AWP,Pit Viper,Restricted,Italy Collection
G3SG1,Jungle Dashed,Consumer Grade,Lake Collection
SG 553,Waves Perforated,Consumer Grade,Lake Collection
Galil AR,Sage Spray,Consumer Grade,Lake Collection
AUG,Storm,Consumer Grade,Lake Collection
XM1014,Blue Spruce,Consumer Grade,Lake Collection
P250,Boreal Forest,Consumer Grade,Lake Collection
XM1014,Blue Steel,Industrial Grade,Lake Collection
FAMAS,Cyanospatter,Industrial Grade,Lake Collection
PP-Bizon,Night Ops,Industrial Grade,Lake Collection
AWP,Safari Mesh,Industrial Grade,Lake Collection
Desert Eagle,Mudder,Industrial Grade,Lake Collection
SG 553,Anodized Navy,Mil-Spec,Lake Collection
P90,Teardown,Mil-Spec,Lake Collection
USP-S,Night Ops,Mil-Spec,Lake Collection
Dual Berettas,Cobalt Quartz,Restricted,Lake Collection
XM1014,Grassland,Consumer Grade,Militia Collection
MAC-10,Tornado,Consumer Grade,Militia Collection
PP-Bizon,Forest Leaves,Consumer Grade,Militia Collection
P2000,Grassland Leaves*,Industrial Grade,Militia Collection
Nova,Modern Hunter,Mil-Spec,Militia Collection
Nova,Blaze Orange,Mil-Spec,Militia Collection
P250,Modern Hunter,Mil-Spec,Militia Collection
XM1014,Blaze Orange,Mil-Spec,Militia Collection
PP-Bizon,Modern Hunter,Mil-Spec,Militia Collection
M4A4,Modern Hunter*,Restricted,Militia Collection
SCAR-20,Splash Jam,Classified,Militia Collection
Galil AR,Hunting Blind,Consumer Grade,Mirage Collection
P90,Scorched,Consumer Grade,Mirage Collection
G3SG1,Safari Mesh,Consumer Grade,Mirage Collection
AUG,Colony,Consumer Grade,Mirage Collection
Five-SeveN,Contractor,Consumer Grade,Mirage Collection
P250,Bone Mask,Consumer Grade,Mirage Collection
MP7,Orange Peel,Industrial Grade,Mirage Collection
Glock-18,Groundwater,Industrial Grade,Mirage Collection
SG 553,Gator Mesh,Industrial Grade,Mirage Collection
SSG 08,Tropical Storm,Industrial Grade,Mirage Collection
Negev,CaliCamo,Industrial Grade,Mirage Collection
MP9,Hot Rod,Mil-Spec,Mirage Collection
UMP-45,Blaze,Mil-Spec,Mirage Collection
MAC-10,Amber Fade,Mil-Spec,Mirage Collection
MAG-7,Bulldozer,Restricted,Mirage Collection
MAG-7,Irradiated Alert,Consumer Grade,Nuke Collection
Sawed-Off,Irradiated Alert,Consumer Grade,Nuke Collection
PP-Bizon,Irradiated Alert,Consumer Grade,Nuke Collection
P90,Fallout Warning,Industrial Grade,Nuke Collection
UMP-45,Fallout Warning,Industrial Grade,Nuke Collection
XM1014,Fallout Warning,Industrial Grade,Nuke Collection
M4A4,Radiation Hazard,Mil-Spec,Nuke Collection
P250,Nuclear Threat,Restricted,Nuke Collection
Tec-9,Nuclear Threat,Restricted,Nuke Collection
FAMAS,Contrast Spray,Consumer Grade,Office Collection
Galil AR,Winter Forest,Industrial Grade,Office Collection
G3SG1,Arctic Camo,Industrial Grade,Office Collection
M249,Blizzard Marbleized,Industrial Grade,Office Collection
P2000,Silver,Mil-Spec,Office Collection
MP7,Whiteout,Mil-Spec,Office Collection
Sawed-Off,Sage Spray,Consumer Grade,Overpass Collection
UMP-45,Scorched,Consumer Grade,Overpass Collection
M249,Contrast Spray,Consumer Grade,Overpass Collection
MAG-7,Storm,Consumer Grade,Overpass Collection
MP9,Storm,Consumer Grade,Overpass Collection
Desert Eagle,Urban DDPAT,Industrial Grade,Overpass Collection
MP7,Gunsmoke,Industrial Grade,Overpass Collection
Glock-18,Night,Industrial Grade,Overpass Collection
P2000,Grassland,Industrial Grade,Overpass Collection
CZ75-Auto,Nitro,Mil-Spec,Overpass Collection
SSG 08,Detour,Mil-Spec,Overpass Collection
XM1014,VariCamo Blue,Mil-Spec,Overpass Collection
AWP,Pink DDPAT,Restricted,Overpass Collection
USP-S,Road Rash,Restricted,Overpass Collection
M4A1-S,Master Piece,Classified,Overpass Collection
Dual Berettas,Contractor,Consumer Grade,Safehouse Collection
MP7,Army Recon,Consumer Grade,Safehouse Collection
Tec-9,Army Mesh,Consumer Grade,Safehouse Collection
SSG 08,Blue Spruce,Consumer Grade,Safehouse Collection
SCAR-20,Contractor,Consumer Grade,Safehouse Collection
MP9,Orange Peel,Industrial Grade,Safehouse Collection
AUG,Condemned,Industrial Grade,Safehouse Collection
USP-S,Forest Leaves,Industrial Grade,Safehouse Collection
Galil AR,VariCamo,Industrial Grade,Safehouse Collection
M249,Gator Mesh,Industrial Grade,Safehouse Collection
G3SG1,VariCamo,Industrial Grade,Safehouse Collection
FAMAS,Teardown,Mil-Spec,Safehouse Collection
Five-SeveN,Silver Quartz,Mil-Spec,Safehouse Collection
SSG 08,Acid Fade,Mil-Spec,Safehouse Collection
M4A1-S,Nitro,Restricted,Safehouse Collection
M249,Jungle,Consumer Grade,St. Marc Collection
MP5-SD,Bamboo Garden,Consumer Grade,St. Marc Collection
MAC-10,Surfwood,Consumer Grade,St. Marc Collection
PP-Bizon,Seabird,Consumer Grade,St. Marc Collection
Sawed-Off,Jungle Thicket,Consumer Grade,St. Marc Collection
M4A4,Dark Blossom,Industrial Grade,St. Marc Collection
P90,Sunset Lily,Industrial Grade,St. Marc Collection
Tec-9,Rust Leaf,Industrial Grade,St. Marc Collection
XM1014,Banana Leaf,Industrial Grade,St. Marc Collection
MP7,Teal Blossom,Mil-Spec,St. Marc Collection
Five-SeveN,Crimson Blossom,Mil-Spec,St. Marc Collection
FAMAS,Sundown,Mil-Spec,St. Marc Collection
UMP-45,Day Lily,Mil-Spec,St. Marc Collection
AUG,Midnight Lily,Restricted,St. Marc Collection
SSG 08,Sea Calico,Restricted,St. Marc Collection
Glock-18,Synth Leaf,Restricted,St. Marc Collection
MP9,Wild Lily,Classified,St. Marc Collection
AK-47,Wild Lotus,Covert,St. Marc Collection
PP-Bizon,Urban Dashed,Consumer Grade,Train Collection
Nova,Polar Mesh,Consumer Grade,Train Collection
Five-SeveN,Forest Night,Consumer Grade,Train Collection
G3SG1,Polar Camo,Consumer Grade,Train Collection
Dual Berettas,Colony,Consumer Grade,Train Collection
UMP-45,Urban DDPAT,Consumer Grade,Train Collection
M4A4,Urban DDPAT,Industrial Grade,Train Collection
MAC-10,Candy Apple,Industrial Grade,Train Collection
P90,Ash Wood,Industrial Grade,Train Collection
SCAR-20,Carbon Fiber,Industrial Grade,Train Collection
MAG-7,Metallic DDPAT,Industrial Grade,Train Collection
P250,Metallic DDPAT,Industrial Grade,Train Collection
Sawed-Off,Amber Fade,Mil-Spec,Train Collection
Desert Eagle,Urban Rubble,Mil-Spec,Train Collection
Tec-9,Red Quartz,Restricted,Train Collection
XM1014,Urban Perforated,Consumer Grade,Vertigo Collection
MAC-10,Urban DDPAT,Consumer Grade,Vertigo Collection
PP-Bizon,Carbon Fiber,Industrial Grade,Vertigo Collection
P90,Glacier Mesh,Mil-Spec,Vertigo Collection
AK-47,Black Laminate,Mil-Spec,Vertigo Collection
Dual Berettas,Demolition,Restricted,Vertigo Collection
MAG-7,Rust Coat,Consumer Grade,2018 Inferno Collection
AUG,Sweeper,Consumer Grade,2018 Inferno Collection
UMP-45,Mudder,Consumer Grade,2018 Inferno Collection
MP9,Slide,Consumer Grade,2018 Inferno Collection
MP5-SD,Dirt Drop,Consumer Grade,2018 Inferno Collection
PP-Bizon,Candy Apple,Industrial Grade,2018 Inferno Collection
MAC-10,Calf Skin,Industrial Grade,2018 Inferno Collection
R8 Revolver,Nitro,Industrial Grade,2018 Inferno Collection
Glock-18,High Beam,Industrial Grade,2018 Inferno Collection
Sawed-Off,Brake Light,Mil-Spec,2018 Inferno Collection
SSG 08,Hand Brake,Mil-Spec,2018 Inferno Collection
USP-S,Check Engine,Mil-Spec,2018 Inferno Collection
M4A4,Converter,Mil-Spec,2018 Inferno Collection
P250,Vino Primo,Restricted,2018 Inferno Collection
MP7,Fade,Restricted,2018 Inferno Collection
AK-47,Safety Net,Restricted,2018 Inferno Collection
Dual Berettas,Twin Turbo,Classified,2018 Inferno Collection
SG 553,Integrale,Classified,2018 Inferno Collection
Nova,Mandrel,Consumer Grade,2018 Nuke Collection
PP-Bizon,Facility Sketch,Consumer Grade,2018 Nuke Collection
UMP-45,Facility Dark,Consumer Grade,2018 Nuke Collection
Five-SeveN,Coolant,Consumer Grade,2018 Nuke Collection
P250,Facility Draft,Consumer Grade,2018 Nuke Collection
MP7,Motherboard,Industrial Grade,2018 Nuke Collection
Negev,Bulkhead,Industrial Grade,2018 Nuke Collection
Galil AR,Cold Fusion,Industrial Grade,2018 Nuke Collection
M4A4,Mainframe,Industrial Grade,2018 Nuke Collection
P250,Exchanger,Mil-Spec,2018 Nuke Collection
P90,Facility Negative,Mil-Spec,2018 Nuke Collection
MP5-SD,Co-Processor,Mil-Spec,2018 Nuke Collection
AWP,Acheron,Mil-Spec,2018 Nuke Collection
MAG-7,Core Breach,Restricted,2018 Nuke Collection
AUG,Random Access,Restricted,2018 Nuke Collection
Glock-18,Nuclear Garden,Restricted,2018 Nuke Collection
Tec-9,Remote Control,Classified,2018 Nuke Collection
M4A1-S,Control Panel,Classified,2018 Nuke Collection
R8 Revolver,Desert Brush,Consumer Grade,2021 Dust II Collection
P90,Desert DDPAT,Consumer Grade,2021 Dust II Collection
SG 553,Bleached,Consumer Grade,2021 Dust II Collection
MP7,Prey,Consumer Grade,2021 Dust II Collection
Sawed-Off,Parched,Consumer Grade,2021 Dust II Collection
AUG,Spalted Wood,Industrial Grade,2021 Dust II Collection
MP9,Old Roots,Industrial Grade,2021 Dust II Collection
Five-SeveN,Withered Vine,Industrial Grade,2021 Dust II Collection
M249,Midnight Palm,Industrial Grade,2021 Dust II Collection
P250,Black & Tan,Mil-Spec,2021 Dust II Collection
Nova,Quick Sand,Mil-Spec,2021 Dust II Collection
G3SG1,New Roots,Mil-Spec,2021 Dust II Collection
Galil AR,Amber Fade,Mil-Spec,2021 Dust II Collection
USP-S,Orange Anolis,Restricted,2021 Dust II Collection
M4A4,Red DDPAT,Restricted,2021 Dust II Collection
MAC-10,Case Hardened,Restricted,2021 Dust II Collection
UMP-45,Fade,Classified,2021 Dust II Collection
SSG 08,Death Strike,Classified,2021 Dust II Collection
AK-47,Gold Arabesque,Covert,2021 Dust II Collection
P250,Drought,Consumer Grade,2021 Mirage Collection
PP-Bizon,Anolis,Consumer Grade,2021 Mirage Collection
MAG-7,Navy Sheen,Consumer Grade,2021 Mirage Collection
MAC-10,Sienna Damask,Consumer Grade,2021 Mirage Collection
SSG 08,Prey,Consumer Grade,2021 Mirage Collection
Dual Berettas,Drift Wood,Industrial Grade,2021 Mirage Collection
FAMAS,CaliCamo,Industrial Grade,2021 Mirage Collection
CZ75-Auto,Midnight Palm,Industrial Grade,2021 Mirage Collection
P90,Verdant Growth,Industrial Grade,2021 Mirage Collection
USP-S,Purple DDPAT,Mil-Spec,2021 Mirage Collection
MP9,Music Box,Mil-Spec,2021 Mirage Collection
M249,Humidor,Mil-Spec,2021 Mirage Collection
SG 553,Desert Blossom,Mil-Spec,2021 Mirage Collection
XM1014,Elegant Vines,Restricted,2021 Mirage Collection
Glock-18,Pink DDPAT,Restricted,2021 Mirage Collection
AUG,Sand Storm,Restricted,2021 Mirage Collection
MP5-SD,Oxide Oasis,Classified,2021 Mirage Collection
Desert Eagle,Fennec Fox,Classified,2021 Mirage Collection
AWP,Desert Hydra,Covert,2021 Mirage Collection
Desert Eagle,Sputnik,Mil-Spec,2021 Train Collection
M4A1-S,Fizzy POP,Mil-Spec,2021 Train Collection
SSG 08,Spring Twilly,Mil-Spec,2021 Train Collection
AUG,Amber Fade,Mil-Spec,2021 Train Collection
UMP-45,Full Stop,Mil-Spec,2021 Train Collection
Tec-9,Safety Net,Mil-Spec,2021 Train Collection
R8 Revolver,Blaze,Mil-Spec,2021 Train Collection
CZ75-Auto,Syndicate,Restricted,2021 Train Collection
AWP,POP AWP,Restricted,2021 Train Collection
P2000,Space Race,Restricted,2021 Train Collection
MP5-SD,Autumn Twilly,Restricted,2021 Train Collection
Nova,Red Quartz,Restricted,2021 Train Collection
USP-S,Whiteout,Classified,2021 Train Collection
MAC-10,Propaganda,Classified,2021 Train Collection
FAMAS,Meltdown,Classified,2021 Train Collection
M4A4,The Coalition,Covert,2021 Train Collection
Glock-18,Gamma Doppler,Covert,2021 Train Collection
MAC-10,Strats,Consumer Grade,2021 Vertigo Collection
FAMAS,Faulty Wiring,Consumer Grade,2021 Vertigo Collection
XM1014,Blue Tire,Consumer Grade,2021 Vertigo Collection
CZ75-Auto,Framework,Consumer Grade,2021 Vertigo Collection
Dual Berettas,Oil Change,Consumer Grade,2021 Vertigo Collection
Glock-18,Red Tire,Industrial Grade,2021 Vertigo Collection
UMP-45,Mechanism,Industrial Grade,2021 Vertigo Collection
SSG 08,Carbon Fiber,Industrial Grade,2021 Vertigo Collection
PP-Bizon,Breaker Box,Industrial Grade,2021 Vertigo Collection
AK-47,Green Laminate,Mil-Spec,2021 Vertigo Collection
P90,Schematic,Mil-Spec,2021 Vertigo Collection
Nova,Interlock,Mil-Spec,2021 Vertigo Collection
Negev,Infrastructure,Mil-Spec,2021 Vertigo Collection
Galil AR,CAUTION!,Restricted,2021 Vertigo Collection
MAG-7,Prism Terrace,Restricted,2021 Vertigo Collection
P250,Digital Architect,Restricted,2021 Vertigo Collection
Five-SeveN,Fall Hazard,Classified,2021 Vertigo Collection
SG 553,Hazard Pay,Classified,2021 Vertigo Collection
M4A1-S,Imminent Danger,Covert,2021 Vertigo Collection
SCAR-20,Army Sheen,Consumer Grade,Chop Shop Collection
CZ75-Auto,Army Sheen,Consumer Grade,Chop Shop Collection
M249,Impact Drill,Consumer Grade,Chop Shop Collection
MAG-7,Seabird,Consumer Grade,Chop Shop Collection
Desert Eagle,Night,Industrial Grade,Chop Shop Collection
Galil AR,Urban Rubble,Industrial Grade,Chop Shop Collection
USP-S,Para Green,Industrial Grade,Chop Shop Collection
MAC-10,Fade,Mil-Spec,Chop Shop Collection
P250,Whiteout,Mil-Spec,Chop Shop Collection
MP7,Full Stop,Mil-Spec,Chop Shop Collection
Five-SeveN,Nitro,Mil-Spec,Chop Shop Collection
CZ75-Auto,Emerald,Mil-Spec,Chop Shop Collection
SG 553,Bulldozer,Restricted,Chop Shop Collection
Dual Berettas,Duelist,Restricted,Chop Shop Collection
Glock-18,Twilight Galaxy,Classified,Chop Shop Collection
M4A1-S,Hot Rod,Classified,Chop Shop Collection
MP7,Asterion,Consumer Grade,Gods and Monsters Collection
AUG,Daedalus,Consumer Grade,Gods and Monsters Collection
Dual Berettas,Moon in Libra,Consumer Grade,Gods and Monsters Collection
Nova,Moon in Libra,Consumer Grade,Gods and Monsters Collection
Tec-9,Hades,Industrial Grade,Gods and Monsters Collection
P2000,Pathfinder,Industrial Grade,Gods and Monsters Collection
AWP,Sun in Leo,Industrial Grade,Gods and Monsters Collection
M249,Shipping Forecast,Industrial Grade,Gods and Monsters Collection
UMP-45,Minotaur's Labyrinth,Mil-Spec,Gods and Monsters Collection
MP9,Pandora's Box,Mil-Spec,Gods and Monsters Collection
G3SG1,Chronos,Restricted,Gods and Monsters Collection
M4A1-S,Icarus Fell,Restricted,Gods and Monsters Collection
M4A4,Poseidon,Classified,Gods and Monsters Collection
AWP,Medusa,Covert,Gods and Monsters Collection
PP-Bizon,Bamboo Print,Consumer Grade,Rising Sun Collection
Sawed-Off,Bamboo Shadow,Consumer Grade,Rising Sun Collection
Tec-9,Bamboo Forest,Consumer Grade,Rising Sun Collection
G3SG1,Orange Kimono,Consumer Grade,Rising Sun Collection
P250,Mint Kimono,Consumer Grade,Rising Sun Collection
P250,Crimson Kimono,Industrial Grade,Rising Sun Collection
Desert Eagle,Midnight Storm,Industrial Grade,Rising Sun Collection
Galil AR,Aqua Terrace,Mil-Spec,Rising Sun Collection
MAG-7,Counter Terrace,Mil-Spec,Rising Sun Collection
Tec-9,Terrace,Mil-Spec,Rising Sun Collection
Five-SeveN,Neon Kimono,Restricted,Rising Sun Collection
Desert Eagle,Sunset Storm 壱,Restricted,Rising Sun Collection
Desert Eagle,Sunset Storm 弐,Restricted,Rising Sun Collection
M4A4,Daybreak,Restricted,Rising Sun Collection
AK-47,Hydroponic,Classified,Rising Sun Collection
AUG,Akihabara Accept,Covert,Rising Sun Collection
M249,Jungle DDPAT,Consumer Grade,Alpha Collection
Tec-9,Tornado,Consumer Grade,Alpha Collection
MP9,Dry Season,Consumer Grade,Alpha Collection
Five-SeveN,Anodized Gunmetal,Consumer Grade,Alpha Collection
XM1014,Jungle,Consumer Grade,Alpha Collection
MP7,Groundwater,Consumer Grade,Alpha Collection
Glock-18,Sand Dune,Industrial Grade,Alpha Collection
SSG 08,Mayan Dreams,Industrial Grade,Alpha Collection
Negev,Palm,Industrial Grade,Alpha Collection
Sawed-Off,Mosaico,Industrial Grade,Alpha Collection
P250,Facets,Industrial Grade,Alpha Collection
AUG,Anodized Navy,Mil-Spec,Alpha Collection
MAG-7,Hazard,Mil-Spec,Alpha Collection
PP-Bizon,Rust Coat,Mil-Spec,Alpha Collection
FAMAS,Spitfire,Restricted,Alpha Collection
SCAR-20,Emerald,Restricted,Alpha Collection
SG 553,Barricade,Consumer Grade,Norse Collection
FAMAS,Night Borre,Consumer Grade,Norse Collection
MP7,Scorched,Consumer Grade,Norse Collection
Galil AR,Tornado,Consumer Grade,Norse Collection
SSG 08,Red Stone,Consumer Grade,Norse Collection
MAG-7,Chainmail,Industrial Grade,Norse Collection
M4A1-S,Moss Quartz,Industrial Grade,Norse Collection
USP-S,Pathfinder,Industrial Grade,Norse Collection
Dual Berettas,Pyre,Industrial Grade,Norse Collection
SCAR-20,Brass,Mil-Spec,Norse Collection
CZ75-Auto,Emerald Quartz,Mil-Spec,Norse Collection
MAC-10,Copper Borre,Mil-Spec,Norse Collection
XM1014,Frost Borre,Mil-Spec,Norse Collection
P90,Astral Jörmungandr,Restricted,Norse Collection
AUG,Flame Jörmungandr,Restricted,Norse Collection
Desert Eagle,Emerald Jörmungandr,Restricted,Norse Collection
Negev,Mjölnir,Classified,Norse Collection
AWP,Gungnir,Covert,Norse Collection
AUG,Surveillance,Consumer Grade,Control Collection
XM1014,Charter,Consumer Grade,Control Collection
MP9,Army Sheen,Consumer Grade,Control Collection
P250,Forest Night,Consumer Grade,Control Collection
CZ75-Auto,Jungle Dashed,Consumer Grade,Control Collection
Dual Berettas,Switch Board,Industrial Grade,Control Collection
Desert Eagle,The Bronze,Industrial Grade,Control Collection
MAG-7,Carbon Fiber,Industrial Grade,Control Collection
MP5-SD,Nitro,Industrial Grade,Control Collection
SCAR-20,Magna Carta,Mil-Spec,Control Collection
P2000,Dispatch,Mil-Spec,Control Collection
SSG 08,Threat Detected,Mil-Spec,Control Collection
M4A4,Global Offensive,Mil-Spec,Control Collection
FAMAS,Prime Conspiracy,Restricted,Control Collection
UMP-45,Crime Scene,Restricted,Control Collection
Five-SeveN,Berries And Cherries,Restricted,Control Collection
USP-S,Target Acquired,Classified,Control Collection
M4A1-S,Blue Phosphor,Classified,Control Collection
AWP,Fade,Covert,Control Collection
PP-Bizon,Death Rattle,Consumer Grade,Havoc Collection
Dual Berettas,Heist,Consumer Grade,Havoc Collection
Sawed-Off,Clay Ambush,Consumer Grade,Havoc Collection
M249,Predator,Consumer Grade,Havoc Collection
Tec-9,Phoenix Chalk,Consumer Grade,Havoc Collection
MP7,Vault Heist,Industrial Grade,Havoc Collection
R8 Revolver,Phoenix Marker,Industrial Grade,Havoc Collection
UMP-45,Houndstooth,Industrial Grade,Havoc Collection
Nova,Rust Coat,Industrial Grade,Havoc Collection
P90,Tiger Pit,Mil-Spec,Havoc Collection
Negev,Phoenix Stencil,Mil-Spec,Havoc Collection
Desert Eagle,Night Heist,Mil-Spec,Havoc Collection
P250,Bengal Tiger,Mil-Spec,Havoc Collection
Glock-18,Franklin,Restricted,Havoc Collection
Galil AR,Phoenix Blacklight,Restricted,Havoc Collection
SG 553,Hypnotic,Restricted,Havoc Collection
MAC-10,Hot Snakes,Classified,Havoc Collection
AWP,Silk Tiger,Classified,Havoc Collection
AK-47,X-Ray,Covert,Havoc Collection
MP7,Skulls,Mil-Spec,CS:GO Weapon Case
SG 553,Ultraviolet,Mil-Spec,CS:GO Weapon Case
AUG,Wings,Mil-Spec,CS:GO Weapon Case
M4A1-S,Dark Water,Restricted,CS:GO Weapon Case
USP-S,Dark Water,Restricted,CS:GO Weapon Case
Glock-18,Dragon Tattoo,Restricted,CS:GO Weapon Case
Desert Eagle,Hypnotic,Classified,CS:GO Weapon Case
AK-47,Case Hardened,Classified,CS:GO Weapon Case
AWP,Lightning Strike,Covert,CS:GO Weapon Case
M4A4,Faded Zebra,Mil-Spec,eSports 2013 Case
FAMAS,Doomkitty,Mil-Spec,eSports 2013 Case
MAG-7,Memento,Mil-Spec,eSports 2013 Case
Sawed-Off,Orange DDPAT,Restricted,eSports 2013 Case
P250,Splash,Restricted,eSports 2013 Case
Galil AR,Orange DDPAT,Restricted,eSports 2013 Case
AK-47,Red Laminate,Classified,eSports 2013 Case
AWP,BOOM,Classified,eSports 2013 Case
P90,Death by Kitty,Covert,eSports 2013 Case
Nova,Tempest,Mil-Spec,Operation Bravo Case
Dual Berettas,Black Limba,Mil-Spec,Operation Bravo Case
UMP-45,Bone Pile,Mil-Spec,Operation Bravo Case
SG 553,Wave Spray,Mil-Spec,Operation Bravo Case
Galil AR,Shattered,Mil-Spec,Operation Bravo Case
G3SG1,Demeter,Mil-Spec,Operation Bravo Case
M4A1-S,Bright Water,Restricted,Operation Bravo Case
M4A4,Zirka,Restricted,Operation Bravo Case
MAC-10,Graven,Restricted,Operation Bravo Case
USP-S,Overgrowth,Restricted,Operation Bravo Case
P90,Emerald Dragon,Classified,Operation Bravo Case
P2000,Ocean Foam,Classified,Operation Bravo Case
AWP,Graphite,Classified,Operation Bravo Case
Desert Eagle,Golden Koi,Covert,Operation Bravo Case
AK-47,Fire Serpent,Covert,Operation Bravo Case
Tec-9,Blue Titanium,Mil-Spec,CS:GO Weapon Case 2
M4A1-S,Blood Tiger,Mil-Spec,CS:GO Weapon Case 2
FAMAS,Hexane,Mil-Spec,CS:GO Weapon Case 2
P250,Hive,Mil-Spec,CS:GO Weapon Case 2
SCAR-20,Crimson Web,Mil-Spec,CS:GO Weapon Case 2
Five-SeveN,Case Hardened,Restricted,CS:GO Weapon Case 2
MP9,Hypnotic,Restricted,CS:GO Weapon Case 2
Nova,Graphite,Restricted,CS:GO Weapon Case 2
Dual Berettas,Hemoglobin,Restricted,CS:GO Weapon Case 2
P90,Cold Blooded,Classified,CS:GO Weapon Case 2
USP-S,Serum,Classified,CS:GO Weapon Case 2
SSG 08,Blood in the Water,Covert,CS:GO Weapon Case 2
PP-Bizon,Cobalt Halftone,Mil-Spec,Winter Offensive Weapon Case
M249,Magma,Mil-Spec,Winter Offensive Weapon Case
Five-SeveN,Kami,Mil-Spec,Winter Offensive Weapon Case
Galil AR,Sandstorm,Mil-Spec,Winter Offensive Weapon Case
Nova,Rising Skull,Restricted,Winter Offensive Weapon Case
MP9,Rose Iron,Restricted,Winter Offensive Weapon Case
Dual Berettas,Marina,Restricted,Winter Offensive Weapon Case
FAMAS,Pulse,Restricted,Winter Offensive Weapon Case
AWP,Redline,Classified,Winter Offensive Weapon Case
P250,Mehndi,Classified,Winter Offensive Weapon Case
M4A1-S,Guardian,Classified,Winter Offensive Weapon Case
Sawed-Off,The Kraken,Covert,Winter Offensive Weapon Case
M4A4,Asiimov,Covert,Winter Offensive Weapon Case
Galil AR,Blue Titanium,Mil-Spec,eSports 2013 Winter Case
Five-SeveN,Nightshade,Mil-Spec,eSports 2013 Winter Case
PP-Bizon,Water Sigil,Mil-Spec,eSports 2013 Winter Case
Nova,Ghost Camo,Mil-Spec,eSports 2013 Winter Case
G3SG1,Azure Zebra,Mil-Spec,eSports 2013 Winter Case
P250,Steel Disruption,Mil-Spec,eSports 2013 Winter Case
AK-47,Blue Laminate,Restricted,eSports 2013 Winter Case
P90,Blind Spot,Restricted,eSports 2013 Winter Case
FAMAS,Afterimage,Classified,eSports 2013 Winter Case
AWP,Electric Hive,Classified,eSports 2013 Winter Case
Desert Eagle,Cobalt Disruption,Classified,eSports 2013 Winter Case
M4A4,X-Ray,Covert,eSports 2013 Winter Case
CZ75-Auto,Crimson Web,Mil-Spec,CS:GO Weapon Case 3
P2000,Red FragCam,Mil-Spec,CS:GO Weapon Case 3
Dual Berettas,Panther,Mil-Spec,CS:GO Weapon Case 3
USP-S,Stainless,Mil-Spec,CS:GO Weapon Case 3
Glock-18,Blue Fissure,Mil-Spec,CS:GO Weapon Case 3
CZ75-Auto,Tread Plate,Restricted,CS:GO Weapon Case 3
Tec-9,Titanium Bit,Restricted,CS:GO Weapon Case 3
Desert Eagle,Heirloom,Restricted,CS:GO Weapon Case 3
Five-SeveN,Copper Galaxy,Restricted,CS:GO Weapon Case 3
CZ75-Auto,The Fuschia Is Now,Classified,CS:GO Weapon Case 3
P250,Undertow,Classified,CS:GO Weapon Case 3
CZ75-Auto,Victoria,Covert,CS:GO Weapon Case 3
UMP-45,Corporal,Mil-Spec,Operation Phoenix Weapon Case
Negev,Terrain,Mil-Spec,Operation Phoenix Weapon Case
Tec-9,Sandstorm,Mil-Spec,Operation Phoenix Weapon Case
MAG-7,Heaven Guard,Mil-Spec,Operation Phoenix Weapon Case
MAC-10,Heat,Restricted,Operation Phoenix Weapon Case
SG 553,Pulse,Restricted,Operation Phoenix Weapon Case
FAMAS,Sergeant,Restricted,Operation Phoenix Weapon Case
USP-S,Guardian,Restricted,Operation Phoenix Weapon Case
AK-47,Redline,Classified,Operation Phoenix Weapon Case
P90,Trigon,Classified,Operation Phoenix Weapon Case
Nova,Antique,Classified,Operation Phoenix Weapon Case
AWP,Asiimov,Covert,Operation Phoenix Weapon Case
AUG,Chameleon,Covert,Operation Phoenix Weapon Case
Tec-9,Isaac,Mil-Spec,Huntsman Weapon Case
SSG 08,Slashed,Mil-Spec,Huntsman Weapon Case
Dual Berettas,Retribution **,Mil-Spec,Huntsman Weapon Case
Galil AR,Kami,Mil-Spec,Huntsman Weapon Case
P90,Desert Warfare **,Mil-Spec,Huntsman Weapon Case
CZ75-Auto,Poison Dart **,Mil-Spec,Huntsman Weapon Case
CZ75-Auto,Twist *,Mil-Spec,Huntsman Weapon Case
P90,Module *,Mil-Spec,Huntsman Weapon Case
P2000,Pulse *,Mil-Spec,Huntsman Weapon Case
AUG,Torque,Restricted,Huntsman Weapon Case
PP-Bizon,Antique,Restricted,Huntsman Weapon Case
XM1014,Heaven Guard,Restricted,Huntsman Weapon Case
MAC-10,Curse **,Restricted,Huntsman Weapon Case
MAC-10,Tatter *,Restricted,Huntsman Weapon Case
M4A1-S,Atomic Alloy,Classified,Huntsman Weapon Case
SCAR-20,Cyrex,Classified,Huntsman Weapon Case
USP-S,Orion **,Classified,Huntsman Weapon Case
USP-S,Caiman *,Classified,Huntsman Weapon Case
AK-47,Vulcan,Covert,Huntsman Weapon Case
M4A4,Desert-Strike *,Covert,Huntsman Weapon Case
M4A4,Howl **,Contraband,Huntsman Weapon Case
MP7,Urban Hazard,Mil-Spec,Operation Breakout Weapon Case
Negev,Desert-Strike,Mil-Spec,Operation Breakout Weapon Case
P2000,Ivory,Mil-Spec,Operation Breakout Weapon Case
SSG 08,Abyss,Mil-Spec,Operation Breakout Weapon Case
UMP-45,Labyrinth,Mil-Spec,Operation Breakout Weapon Case
PP-Bizon,Osiris,Restricted,Operation Breakout Weapon Case
CZ75-Auto,Tigris,Restricted,Operation Breakout Weapon Case
Nova,Koi,Restricted,Operation Breakout Weapon Case
P250,Supernova,Restricted,Operation Breakout Weapon Case
Desert Eagle,Conspiracy,Classified,Operation Breakout Weapon Case
Five-SeveN,Fowl Play,Classified,Operation Breakout Weapon Case
Glock-18,Water Elemental,Classified,Operation Breakout Weapon Case
P90,Asiimov,Covert,Operation Breakout Weapon Case
M4A1-S,Cyrex,Covert,Operation Breakout Weapon Case
SSG 08,Dark Water,Mil-Spec,eSports 2014 Summer Case
MAC-10,Ultraviolet,Mil-Spec,eSports 2014 Summer Case
USP-S,Blood Tiger,Mil-Spec,eSports 2014 Summer Case
CZ75-Auto,Hexane,Mil-Spec,eSports 2014 Summer Case
Negev,Bratatat,Mil-Spec,eSports 2014 Summer Case
XM1014,Red Python,Mil-Spec,eSports 2014 Summer Case
PP-Bizon,Blue Streak,Restricted,eSports 2014 Summer Case
P90,Virus,Restricted,eSports 2014 Summer Case
MP7,Ocean Foam,Restricted,eSports 2014 Summer Case
Glock-18,Steel Disruption,Restricted,eSports 2014 Summer Case
Desert Eagle,Crimson Web,Restricted,eSports 2014 Summer Case
AUG,Bengal Tiger,Classified,eSports 2014 Summer Case
Nova,Bloomstick,Classified,eSports 2014 Summer Case
AWP,Corticera,Classified,eSports 2014 Summer Case
P2000,Corticera,Classified,eSports 2014 Summer Case
M4A4,Bullet Rain,Covert,eSports 2014 Summer Case
AK-47,Jaguar,Covert,eSports 2014 Summer Case
G3SG1,Murky,Mil-Spec,Operation Vanguard Weapon Case
MAG-7,Firestarter,Mil-Spec,Operation Vanguard Weapon Case
MP9,Dart,Mil-Spec,Operation Vanguard Weapon Case
Five-SeveN,Urban Hazard,Mil-Spec,Operation Vanguard Weapon Case
UMP-45,Delusion,Mil-Spec,Operation Vanguard Weapon Case
Glock-18,Grinder,Restricted,Operation Vanguard Weapon Case
M4A1-S,Basilisk,Restricted,Operation Vanguard Weapon Case
M4A4,Griffin,Restricted,Operation Vanguard Weapon Case
Sawed-Off,Highwayman,Restricted,Operation Vanguard Weapon Case
P250,Cartel,Classified,Operation Vanguard Weapon Case
SCAR-20,Cardiac,Classified,Operation Vanguard Weapon Case
XM1014,Tranquility,Classified,Operation Vanguard Weapon Case
AK-47,Wasteland Rebel,Covert,Operation Vanguard Weapon Case
P2000,Fire Elemental,Covert,Operation Vanguard Weapon Case
Glock-18,Catacombs,Mil-Spec,Chroma Case
M249,System Lock,Mil-Spec,Chroma Case
MP9,Deadly Poison,Mil-Spec,Chroma Case
SCAR-20,Grotto,Mil-Spec,Chroma Case
XM1014,Quicksilver,Mil-Spec,Chroma Case
Dual Berettas,Urban Shock,Restricted,Chroma Case
Desert Eagle,Naga,Restricted,Chroma Case
MAC-10,Malachite,Restricted,Chroma Case
Sawed-Off,Serenity,Restricted,Chroma Case
AK-47,Cartel,Classified,Chroma Case
M4A4,龍王 (Dragon King),Classified,Chroma Case
P250,Muertos,Classified,Chroma Case
AWP,Man-o'-war,Covert,Chroma Case
Galil AR,Chatterbox,Covert,Chroma Case
AK-47,Elite Build,Mil-Spec,Chroma 2 Case
MP7,Armor Core,Mil-Spec,Chroma 2 Case
Desert Eagle,Bronze Deco,Mil-Spec,Chroma 2 Case
P250,Valence,Mil-Spec,Chroma 2 Case
Negev,Man-o'-war,Mil-Spec,Chroma 2 Case
Sawed-Off,Origami,Mil-Spec,Chroma 2 Case
AWP,Worm God,Restricted,Chroma 2 Case
MAG-7,Heat,Restricted,Chroma 2 Case
CZ75-Auto,Pole Position,Restricted,Chroma 2 Case
UMP-45,Grand Prix,Restricted,Chroma 2 Case
Five-SeveN,Monkey Business,Classified,Chroma 2 Case
Galil AR,Eco,Classified,Chroma 2 Case
FAMAS,Djinn,Classified,Chroma 2 Case
M4A1-S,Hyper Beast,Covert,Chroma 2 Case
MAC-10,Neon Rider,Covert,Chroma 2 Case
Galil AR,Rocket Pop,Mil-Spec,Falchion Case
Glock-18,Bunsen Burner,Mil-Spec,Falchion Case
Nova,Ranger,Mil-Spec,Falchion Case
P90,Elite Build,Mil-Spec,Falchion Case
UMP-45,Riot,Mil-Spec,Falchion Case
USP-S,Torque,Mil-Spec,Falchion Case
FAMAS,Neural Net,Restricted,Falchion Case
M4A4,Evil Daimyo,Restricted,Falchion Case
MP9,Ruby Poison Dart,Restricted,Falchion Case
Negev,Loudmouth,Restricted,Falchion Case
P2000,Handgun,Restricted,Falchion Case
CZ75-Auto,Yellow Jacket,Classified,Falchion Case
MP7,Nemesis,Classified,Falchion Case
SG 553,Cyrex,Classified,Falchion Case
AK-47,Aquamarine Revenge,Covert,Falchion Case
AWP,Hyper Beast,Covert,Falchion Case
Dual Berettas,Dualing Dragons,Mil-Spec,Shadow Case
FAMAS,Survivor Z,Mil-Spec,Shadow Case
Glock-18,Wraiths,Mil-Spec,Shadow Case
MAC-10,Rangeen,Mil-Spec,Shadow Case
MAG-7,Cobalt Core,Mil-Spec,Shadow Case
SCAR-20,Green Marine,Mil-Spec,Shadow Case
XM1014,Scumbria,Mil-Spec,Shadow Case
Galil AR,Stone Cold,Restricted,Shadow Case
M249,Nebula Crusader,Restricted,Shadow Case
MP7,Special Delivery,Restricted,Shadow Case
P250,Wingshot,Restricted,Shadow Case
AK-47,Frontside Misty,Classified,Shadow Case
G3SG1,Flux,Classified,Shadow Case
SSG 08,Big Iron,Classified,Shadow Case
M4A1-S,Golden Coil,Covert,Shadow Case
USP-S,Kill Confirmed,Covert,Shadow Case
R8 Revolver,Crimson Web,Mil-Spec,Revolver Case
AUG,Ricochet,Mil-Spec,Revolver Case
Desert Eagle,Corinthian,Mil-Spec,Revolver Case
P2000,Imperial,Mil-Spec,Revolver Case
Sawed-Off,Yorick,Mil-Spec,Revolver Case
SCAR-20,Outbreak,Mil-Spec,Revolver Case
PP-Bizon,Fuel Rod,Restricted,Revolver Case
Five-SeveN,Retrobution,Restricted,Revolver Case
Negev,Power Loader,Restricted,Revolver Case
SG 553,Tiger Moth,Restricted,Revolver Case
Tec-9,Avalanche,Restricted,Revolver Case
XM1014,Teclu Burner,Restricted,Revolver Case
AK-47,Point Disarray,Classified,Revolver Case
G3SG1,The Executioner,Classified,Revolver Case
P90,Shapewood,Classified,Revolver Case
M4A4,Royal Paladin,Covert,Revolver Case
R8 Revolver,Fade,Covert,Revolver Case
PP-Bizon,Photic Zone,Mil-Spec,Operation Wildfire Case
Dual Berettas,Cartel,Mil-Spec,Operation Wildfire Case
MAC-10,Lapis Gator,Mil-Spec,Operation Wildfire Case
SSG 08,Necropos,Mil-Spec,Operation Wildfire Case
Tec-9,Jambiya,Mil-Spec,Operation Wildfire Case
USP-S,Lead Conduit,Mil-Spec,Operation Wildfire Case
FAMAS,Valence,Restricted,Operation Wildfire Case
Five-SeveN,Triumvirate,Restricted,Operation Wildfire Case
Glock-18,Royal Legion,Restricted,Operation Wildfire Case
MAG-7,Praetorian,Restricted,Operation Wildfire Case
MP7,Impire,Restricted,Operation Wildfire Case
AWP,Elite Build,Classified,Operation Wildfire Case
Desert Eagle,Kumicho Dragon,Classified,Operation Wildfire Case
Nova,Hyper Beast,Classified,Operation Wildfire Case
M4A4,The Battlestar,Covert,Operation Wildfire Case
AK-47,Fuel Injector,Covert,Operation Wildfire Case
Dual Berettas,Ventilators,Mil-Spec,Chroma 3 Case
G3SG1,Orange Crash,Mil-Spec,Chroma 3 Case
M249,Spectre,Mil-Spec,Chroma 3 Case
MP9,Bioleak,Mil-Spec,Chroma 3 Case
P2000,Oceanic,Mil-Spec,Chroma 3 Case
SG 553,Atlas,Mil-Spec,Chroma 3 Case
Sawed-Off,Fubar,Mil-Spec,Chroma 3 Case
Galil AR,Firefight,Restricted,Chroma 3 Case
CZ75-Auto,Red Astor,Restricted,Chroma 3 Case
XM1014,Black Tie,Restricted,Chroma 3 Case
SSG 08,Ghost Crusader,Restricted,Chroma 3 Case
Tec-9,Re-Entry,Restricted,Chroma 3 Case
UMP-45,Primal Saber,Classified,Chroma 3 Case
P250,Asiimov,Classified,Chroma 3 Case
AUG,Fleet Flock,Classified,Chroma 3 Case
M4A1-S,Chantico's Fire,Covert,Chroma 3 Case
PP-Bizon,Judgement of Anubis,Covert,Chroma 3 Case
Five-SeveN,Violent Daimyo,Mil-Spec,Gamma Case
MAC-10,Carnivore,Mil-Spec,Gamma Case
Nova,Exo,Mil-Spec,Gamma Case
P250,Iron Clad,Mil-Spec,Gamma Case
PP-Bizon,Harvester,Mil-Spec,Gamma Case
SG 553,Aerial,Mil-Spec,Gamma Case
Tec-9,Ice Cap,Mil-Spec,Gamma Case
AUG,Aristocrat,Restricted,Gamma Case
AWP,Phobos,Restricted,Gamma Case
P90,Chopper,Restricted,Gamma Case
R8 Revolver,Reboot,Restricted,Gamma Case
Sawed-Off,Limelight,Restricted,Gamma Case
M4A4,Desolate Space,Classified,Gamma Case
P2000,Imperial Dragon,Classified,Gamma Case
SCAR-20,Bloodsport,Classified,Gamma Case
Glock-18,Wasteland Rebel,Covert,Gamma Case
M4A1-S,Mecha Industries,Covert,Gamma Case
XM1014,Slipstream,Mil-Spec,Gamma 2 Case
UMP-45,Briefing,Mil-Spec,Gamma 2 Case
P90,Grim,Mil-Spec,Gamma 2 Case
Negev,Dazzle,Mil-Spec,Gamma 2 Case
G3SG1,Ventilator,Mil-Spec,Gamma 2 Case
Five-SeveN,Scumbria,Mil-Spec,Gamma 2 Case
CZ75-Auto,Imprint,Mil-Spec,Gamma 2 Case
SG 553,Triarch,Restricted,Gamma 2 Case
SCAR-20,Powercore,Restricted,Gamma 2 Case
MAG-7,Petroglyph,Restricted,Gamma 2 Case
Glock-18,Weasel,Restricted,Gamma 2 Case
Desert Eagle,Directive,Restricted,Gamma 2 Case
Tec-9,Fuel Injector,Classified,Gamma 2 Case
MP9,Airlock,Classified,Gamma 2 Case
AUG,Syd Mead,Classified,Gamma 2 Case
AK-47,Neon Revolution,Covert,Gamma 2 Case
FAMAS,Roll Cage,Covert,Gamma 2 Case
P2000,Turf,Mil-Spec,Glove Case
MAG-7,Sonar,Mil-Spec,Glove Case
MP9,Sand Scale,Mil-Spec,Glove Case
Galil AR,Black Sand,Mil-Spec,Glove Case
MP7,Cirrus,Mil-Spec,Glove Case
Glock-18,Ironwork,Mil-Spec,Glove Case
CZ75-Auto,Polymer,Mil-Spec,Glove Case
USP-S,Cyrex,Restricted,Glove Case
Nova,Gila,Restricted,Glove Case
M4A1-S,Flashback,Restricted,Glove Case
G3SG1,Stinger,Restricted,Glove Case
Dual Berettas,Royal Consorts,Restricted,Glove Case
Sawed-Off,Wasteland Princess,Classified,Glove Case
P90,Shallow Grave,Classified,Glove Case
FAMAS,Mecha Industries,Classified,Glove Case
M4A4,Buzz Kill,Covert,Glove Case
SSG 08,Dragonfire,Covert,Glove Case
PP-Bizon,Jungle Slipstream,Mil-Spec,Spectrum Case
SCAR-20,Blueprint,Mil-Spec,Spectrum Case
Desert Eagle,Oxide Blaze,Mil-Spec,Spectrum Case
Five-SeveN,Capillary,Mil-Spec,Spectrum Case
MP7,Akoben,Mil-Spec,Spectrum Case
P250,Ripple,Mil-Spec,Spectrum Case
Sawed-Off,Zander,Mil-Spec,Spectrum Case
Galil AR,Crimson Tsunami,Restricted,Spectrum Case
M249,Emerald Poison Dart,Restricted,Spectrum Case
MAC-10,Last Dive,Restricted,Spectrum Case
UMP-45,Scaffold,Restricted,Spectrum Case
XM1014,Seasons,Restricted,Spectrum Case
AWP,Fever Dream,Classified,Spectrum Case
CZ75-Auto,Xiangliu,Classified,Spectrum Case
M4A1-S,Decimator,Classified,Spectrum Case
AK-47,Bloodsport,Covert,Spectrum Case
USP-S,Neo-Noir,Covert,Spectrum Case
USP-S,Blueprint,Mil-Spec,Operation Hydra Case
FAMAS,Macabre,Mil-Spec,Operation Hydra Case
M4A1-S,Briefing,Mil-Spec,Operation Hydra Case
MAC-10,Aloha,Mil-Spec,Operation Hydra Case
MAG-7,Hard Water,Mil-Spec,Operation Hydra Case
Tec-9,Cut Out,Mil-Spec,Operation Hydra Case
UMP-45,Metal Flowers,Mil-Spec,Operation Hydra Case
AK-47,Orbit Mk01,Restricted,Operation Hydra Case
P2000,Woodsman,Restricted,Operation Hydra Case
P250,Red Rock,Restricted,Operation Hydra Case
P90,Death Grip,Restricted,Operation Hydra Case
SSG 08,Death's Head,Restricted,Operation Hydra Case
Dual Berettas,Cobra Strike,Classified,Operation Hydra Case
Galil AR,Sugar Rush,Classified,Operation Hydra Case
M4A4,Hellfire,Classified,Operation Hydra Case
Five-SeveN,Hyper Beast,Covert,Operation Hydra Case
AWP,Oni Taiji,Covert,Operation Hydra Case
MAC-10,Oceanic,Mil-Spec,Spectrum 2 Case
Sawed-Off,Morris,Mil-Spec,Spectrum 2 Case
SCAR-20,Jungle Slipstream,Mil-Spec,Spectrum 2 Case
Five-SeveN,Capillary,Mil-Spec,Spectrum 2 Case
AUG,Triqua,Mil-Spec,Spectrum 2 Case
G3SG1,Hunter,Mil-Spec,Spectrum 2 Case
Tec-9,Cracked Opal,Mil-Spec,Spectrum 2 Case
Glock-18,Off World,Mil-Spec,Spectrum 2 Case
MP9,Goo,Restricted,Spectrum 2 Case
SG 553,Phantom,Restricted,Spectrum 2 Case
XM1014,Ziggy,Restricted,Spectrum 2 Case
UMP-45,Exposure,Restricted,Spectrum 2 Case
CZ75-Auto,Tacticat,Restricted,Spectrum 2 Case
PP-Bizon,High Roller,Classified,Spectrum 2 Case
R8 Revolver,Llama Cannon,Classified,Spectrum 2 Case
M4A1-S,Leaded Glass,Classified,Spectrum 2 Case
AK-47,The Empress,Covert,Spectrum 2 Case
P250,See Ya Later,Covert,Spectrum 2 Case
SG 553,Aloha,Mil-Spec,Clutch Case
MP9,Black Sand,Mil-Spec,Clutch Case
XM1014,Oxide Blaze,Mil-Spec,Clutch Case
P2000,Urban Hazard,Mil-Spec,Clutch Case
R8 Revolver,Grip,Mil-Spec,Clutch Case
Five-SeveN,Flame Test,Mil-Spec,Clutch Case
PP-Bizon,Night Riot,Mil-Spec,Clutch Case
Nova,Wild Six,Restricted,Clutch Case
Negev,Lionfish,Restricted,Clutch Case
MAG-7,SWAG-7,Restricted,Clutch Case
UMP-45,Arctic Wolf,Restricted,Clutch Case
Glock-18,Moonrise,Restricted,Clutch Case
USP-S,Cortex,Classified,Clutch Case
AUG,Stymphalian,Classified,Clutch Case
AWP,Mortis,Classified,Clutch Case
MP7,Bloodsport,Covert,Clutch Case
M4A4,Neo-Noir,Covert,Clutch Case
Dual Berettas,Shred,Mil-Spec,Horizon Case
R8 Revolver,Survivalist,Mil-Spec,Horizon Case
MP9,Capillary,Mil-Spec,Horizon Case
AUG,Amber Slipstream,Mil-Spec,Horizon Case
Tec-9,Snek-9,Mil-Spec,Horizon Case
P90,Traction,Mil-Spec,Horizon Case
Glock-18,Warhawk,Mil-Spec,Horizon Case
Nova,Toy Soldier,Restricted,Horizon Case
G3SG1,High Seas,Restricted,Horizon Case
MP7,Powercore,Restricted,Horizon Case
CZ75-Auto,Eco,Restricted,Horizon Case
AWP,PAW,Restricted,Horizon Case
FAMAS,Eye of Athena,Classified,Horizon Case
Sawed-Off,Devourer,Classified,Horizon Case
M4A1-S,Nightmare,Classified,Horizon Case
Desert Eagle,Code Red,Covert,Horizon Case
AK-47,Neon Rider,Covert,Horizon Case
MP9,Modest Threat,Mil-Spec,Danger Zone Case
Glock-18,Oxide Blaze,Mil-Spec,Danger Zone Case
Nova,Wood Fired,Mil-Spec,Danger Zone Case
M4A4,Magnesium,Mil-Spec,Danger Zone Case
Sawed-Off,Black Sand,Mil-Spec,Danger Zone Case
SG 553,Danger Close,Mil-Spec,Danger Zone Case
Tec-9,Fubar,Mil-Spec,Danger Zone Case
G3SG1,Scavenger,Restricted,Danger Zone Case
Galil AR,Signal,Restricted,Danger Zone Case
MAC-10,Pipe Down,Restricted,Danger Zone Case
P250,Nevermore,Restricted,Danger Zone Case
USP-S,Flashback,Restricted,Danger Zone Case
UMP-45,Momentum,Classified,Danger Zone Case
Desert Eagle,Mecha Industries,Classified,Danger Zone Case
MP5-SD,Phosphor,Classified,Danger Zone Case
AK-47,Asiimov,Covert,Danger Zone Case
AWP,Neo-Noir,Covert,Danger Zone Case
FAMAS,Crypsis,Mil-Spec,Prisma Case
AK-47,Uncharted,Mil-Spec,Prisma Case
MAC-10,Whitefish,Mil-Spec,Prisma Case
Galil AR,Akoben,Mil-Spec,Prisma Case
MP7,Mischief,Mil-Spec,Prisma Case
P250,Verdigris,Mil-Spec,Prisma Case
P90,Off World,Mil-Spec,Prisma Case
AWP,Atheris,Restricted,Prisma Case
Tec-9,Bamboozle,Restricted,Prisma Case
Desert Eagle,Light Rail,Restricted,Prisma Case
MP5-SD,Gauss,Restricted,Prisma Case
UMP-45,Moonrise,Restricted,Prisma Case
R8 Revolver,Skull Crusher,Classified,Prisma Case
AUG,Momentum,Classified,Prisma Case
XM1014,Incinegator,Classified,Prisma Case
Five-SeveN,Angry Mob,Covert,Prisma Case
M4A4,The Emperor,Covert,Prisma Case
Tec-9,Flash Out,Mil-Spec,CS20 Case
SCAR-20,Assault,Mil-Spec,CS20 Case
Dual Berettas,Elite 1.6,Mil-Spec,CS20 Case
MAG-7,Popdog,Mil-Spec,CS20 Case
MAC-10,Classic Crate,Mil-Spec,CS20 Case
FAMAS,Decommissioned,Mil-Spec,CS20 Case
Glock-18,Sacrifice,Mil-Spec,CS20 Case
M249,Aztec,Restricted,CS20 Case
Five-SeveN,Buddy,Restricted,CS20 Case
UMP-45,Plastique,Restricted,CS20 Case
P250,Inferno,Restricted,CS20 Case
MP5-SD,Agent,Restricted,CS20 Case
P90,Nostalgia,Classified,CS20 Case
AUG,Death by Puppy,Classified,CS20 Case
MP9,Hydra,Classified,CS20 Case
FAMAS,Commemoration,Covert,CS20 Case
AWP,Wildfire,Covert,CS20 Case
Nova,Plume,Mil-Spec,Shattered Web Case
G3SG1,Black Sand,Mil-Spec,Shattered Web Case
R8 Revolver,Memento,Mil-Spec,Shattered Web Case
M249,Warbird,Mil-Spec,Shattered Web Case
SCAR-20,Torn,Mil-Spec,Shattered Web Case
MP5-SD,Acid Wash,Mil-Spec,Shattered Web Case
Dual Berettas,Balance,Mil-Spec,Shattered Web Case
PP-Bizon,Embargo,Restricted,Shattered Web Case
P2000,Obsidian,Restricted,Shattered Web Case
MP7,Neon Ply,Restricted,Shattered Web Case
AUG,Arctic Wolf,Restricted,Shattered Web Case
AK-47,Rat Rod,Restricted,Shattered Web Case
Tec-9,Decimator,Classified,Shattered Web Case
SSG 08,Bloodshot,Classified,Shattered Web Case
SG 553,Colony IV,Classified,Shattered Web Case
MAC-10,Stalker,Covert,Shattered Web Case
AWP,Containment Breach,Covert,Shattered Web Case
CZ75-Auto,Distressed,Mil-Spec,Prisma 2 Case
Negev,Prototype,Mil-Spec,Prisma 2 Case
R8 Revolver,Bone Forged,Mil-Spec,Prisma 2 Case
MP5-SD,Desert Strike,Mil-Spec,Prisma 2 Case
AUG,Tom Cat,Mil-Spec,Prisma 2 Case
Desert Eagle,Blue Ply,Mil-Spec,Prisma 2 Case
AWP,Capillary,Mil-Spec,Prisma 2 Case
P2000,Acid Etched,Restricted,Prisma 2 Case
SCAR-20,Enforcer,Restricted,Prisma 2 Case
Sawed-Off,Apocalypto,Restricted,Prisma 2 Case
SG 553,Darkwing,Restricted,Prisma 2 Case
SSG 08,Fever Dream,Restricted,Prisma 2 Case
MAG-7,Justice,Classified,Prisma 2 Case
MAC-10,Disco Tech,Classified,Prisma 2 Case
AK-47,Phantom Disruptor,Classified,Prisma 2 Case
M4A1-S,Player Two,Covert,Prisma 2 Case
Glock-18,Bullet Queen,Covert,Prisma 2 Case
SG 553,Ol' Rusty,Mil-Spec,Fracture Case
Negev,Ultralight,Mil-Spec,Fracture Case
P2000,Gnarled,Mil-Spec,Fracture Case
P250,Cassette,Mil-Spec,Fracture Case
P90,Freight,Mil-Spec,Fracture Case
PP-Bizon,Runic,Mil-Spec,Fracture Case
SSG 08,Mainframe 001,Mil-Spec,Fracture Case
MAG-7,Monster Call,Restricted,Fracture Case
Tec-9,Brother,Restricted,Fracture Case
Galil AR,Connexion,Restricted,Fracture Case
MP5-SD,Kitbash,Restricted,Fracture Case
MAC-10,Allure,Restricted,Fracture Case
XM1014,Entombed,Classified,Fracture Case
Glock-18,Vogue,Classified,Fracture Case
M4A4,Tooth Fairy,Classified,Fracture Case
AK-47,Legion of Anubis,Covert,Fracture Case
Desert Eagle,Printstream,Covert,Fracture Case
G3SG1,Digital Mesh,Mil-Spec,Broken Fang Case
M249,Deep Relief,Mil-Spec,Broken Fang Case
P250,Contaminant,Mil-Spec,Broken Fang Case
CZ75-Auto,Vendetta,Mil-Spec,Broken Fang Case
P90,Cocoa Rampage,Mil-Spec,Broken Fang Case
Galil AR,Vandal,Mil-Spec,Broken Fang Case
MP5-SD,Condition Zero,Mil-Spec,Broken Fang Case
UMP-45,Gold Bismuth,Restricted,Broken Fang Case
Dual Berettas,Dezastre,Restricted,Broken Fang Case
Nova,Clear Polymer,Restricted,Broken Fang Case
SSG 08,Parallax,Restricted,Broken Fang Case
AWP,Exoskeleton,Restricted,Broken Fang Case
Five-SeveN,Fairy Tale,Classified,Broken Fang Case
USP-S,Monster Mashup,Classified,Broken Fang Case
M4A4,Cyber Security,Classified,Broken Fang Case
Glock-18,Neo-Noir,Covert,Broken Fang Case
M4A1-S,Printstream,Covert,Broken Fang Case
UMP-45,Oscillator,Mil-Spec,Snakebite Case
Nova,Windblown,Mil-Spec,Snakebite Case
M249,O.S.I.P.R.,Mil-Spec,Snakebite Case
CZ75-Auto,Circaetus,Mil-Spec,Snakebite Case
R8 Revolver,Junk Yard,Mil-Spec,Snakebite Case
SG 553,Heavy Metal,Mil-Spec,Snakebite Case
Glock-18,Clear Polymer,Mil-Spec,Snakebite Case
Negev,dev_texture,Restricted,Snakebite Case
MAC-10,Button Masher,Restricted,Snakebite Case
P250,Cyber Shell,Restricted,Snakebite Case
Desert Eagle,Trigger Discipline,Restricted,Snakebite Case
AK-47,Slate,Restricted,Snakebite Case
XM1014,XOXO,Classified,Snakebite Case
Galil AR,Chromatic Aberration,Classified,Snakebite Case
MP9,Food Chain,Classified,Snakebite Case
M4A4,In Living Color,Covert,Snakebite Case
USP-S,The Traitor,Covert,Snakebite Case
AUG,Plague,Mil-Spec,Operation Riptide Case
Dual Berettas,Tread,Mil-Spec,Operation Riptide Case
G3SG1,Keeping Tabs,Mil-Spec,Operation Riptide Case
MP7,Guerrilla,Mil-Spec,Operation Riptide Case
PP-Bizon,Lumen,Mil-Spec,Operation Riptide Case
USP-S,Black Lotus,Mil-Spec,Operation Riptide Case
XM1014,Watchdog,Mil-Spec,Operation Riptide Case
MAG-7,BI83 Spectrum,Restricted,Operation Riptide Case
FAMAS,ZX Spectron,Restricted,Operation Riptide Case
Five-SeveN,Boost Protocol,Restricted,Operation Riptide Case
MP9,Mount Fuji,Restricted,Operation Riptide Case
M4A4,Spider Lily,Restricted,Operation Riptide Case
MAC-10,Toybox,Classified,Operation Riptide Case
Glock-18,Snack Attack,Classified,Operation Riptide Case
SSG 08,Turbo Peek,Classified,Operation Riptide Case
AK-47,Leet Museo,Covert,Operation Riptide Case
Desert Eagle,Ocean Drive,Covert,Operation Riptide Case
Five-SeveN,Scrawl,Mil-Spec,Dreams & Nightmares Case
MAC-10,Ensnared,Mil-Spec,Dreams & Nightmares Case
MAG-7,Foresight,Mil-Spec,Dreams & Nightmares Case
MP5-SD,Necro Jr.,Mil-Spec,Dreams & Nightmares Case
P2000,Lifted Spirits,Mil-Spec,Dreams & Nightmares Case
SCAR-20,Poultrygeist,Mil-Spec,Dreams & Nightmares Case
Sawed-Off,Spirit Board,Mil-Spec,Dreams & Nightmares Case
PP-Bizon,Space Cat,Restricted,Dreams & Nightmares Case
G3SG1,Dream Glade,Restricted,Dreams & Nightmares Case
M4A1-S,Night Terror,Restricted,Dreams & Nightmares Case
XM1014,Zombie Offensive,Restricted,Dreams & Nightmares Case
USP-S,Ticket to Hell,Restricted,Dreams & Nightmares Case
Dual Berettas,Melondrama,Classified,Dreams & Nightmares Case
FAMAS,Rapid Eye Movement,Classified,Dreams & Nightmares Case
MP7,Abyssal Apparition,Classified,Dreams & Nightmares Case
AK-47,Nightwish,Covert,Dreams & Nightmares Case
MP9,Starlight Protector,Covert,Dreams & Nightmares Case
Negev,Drop Me,Mil-Spec,Recoil Case
Galil AR,Destroyer,Mil-Spec,Recoil Case
UMP-45,Roadblock,Mil-Spec,Recoil Case
MAC-10,Monkeyflage,Mil-Spec,Recoil Case
FAMAS,Meow 36,Mil-Spec,Recoil Case
Glock-18,Winterized,Mil-Spec,Recoil Case
M4A4,Poly Mag,Mil-Spec,Recoil Case
M249,Downtown,Restricted,Recoil Case
P90,Vent Rush,Restricted,Recoil Case
Dual Berettas,Flora Carnivora,Restricted,Recoil Case
SG 553,Dragon Tech,Restricted,Recoil Case
R8 Revolver,Crazy 8,Restricted,Recoil Case
P250,Visions,Classified,Recoil Case
Sawed-Off,Kiss♥Love,Classified,Recoil Case
AK-47,Ice Coaled,Classified,Recoil Case
AWP,Chromatic Aberration,Covert,Recoil Case
USP-S,Printstream,Covert,Recoil Case
MP9,Featherweight,Mil-Spec,Revolution Case
MAG-7,Insomnia,Mil-Spec,Revolution Case
SCAR-20,Fragments,Mil-Spec,Revolution Case
P250,Re.built,Mil-Spec,Revolution Case
MP5-SD,Liquidation,Mil-Spec,Revolution Case
SG 553,Cyberforce,Mil-Spec,Revolution Case
Tec-9,Rebel,Mil-Spec,Revolution Case
M4A1-S,Emphorosaur-S,Restricted,Revolution Case
Glock-18,Umbral Rabbit,Restricted,Revolution Case
MAC-10,Sakkaku,Restricted,Revolution Case
R8 Revolver,Banana Cannon,Restricted,Revolution Case
P90,Neoqueen,Restricted,Revolution Case
AWP,Duality,Classified,Revolution Case
UMP-45,Wild Child,Classified,Revolution Case
P2000,Wicked Sick,Classified,Revolution Case
AK-47,Head Shot,Covert,Revolution Case
M4A4,Temukau,Covert,Revolution Case
